id,chat_history,sys_response,situation,emotion,question or not,behavior
561,"[""I'm pleased with how much work I've gotten done today."", ""Good for you! It's always so satisfying to look back and see how much you've achieved."", ""Yes, I'm usually too tired by the time I'm finished though and just fall asleep....ha.""]",Nothing wrong with sleep - along with food it's what keeps us going! How many hours do you work?,I'm pleased with the amount of work I've done today.,impressed,ask me for further details,[None]
624,"[""I swear as I get older I need to take my time in getting dress. I'm afraid I'm going to be on one of those Walmart meme.  I've left home and before you know it I realize I have something on wrong."", ""Oh no! I always like to pick out what I'm wearing the night before. Maybe that would help?"", 'Funny you say that.  I just told my mom she needs to pick out her clothes for the week and church on Sundays to avoid being frustrated.  I think I should take my own advice.']",It really could help. I heard Einstein used to wear the same clothes everyday because it would help him stay focused on his studies!,"I'm not sure if it comes with age, but I have to make sure that I have my children make sure that I have my clothes and shoes on right.  One time, I left home with two different shoes on.  One of them black and the other blue.",embarrassed,[None],[None]
734,"[""At night, my neighbors dog keeps barking and barking and I have no idea why. I've avoided bringing it up to him, but I'm trying to avoid drama."", 'That must be annoying, what kind of dog?', ""It's a little terrier, but man can that thing bark! I don't know how my neighbor doesn't hear him.""]",Maybe try asking the neighbor about him?,"My neighbors dog does not shut up at night and it's agitating me. I've been avoiding bringing it up to him, but it's getting to me n ow.",annoyed,ask me for further details,[None]
759,"[""I had to leave my dog at the vet overnight, so they can run some tests. She hasn't been eating much lately, and she's just been really lackadaisical and lazy. I don't think I'll be able to sleep tonight, knowing she's there in a weird environment, all alone"", ""Aw, I'm sorry to hear that, is she getting up there in age?"", ""She's almost 10, yeah. I know sometimes you just have to let go. But she was fine a few days ago! I'm still holding on to the idea that it's nothing. We'll see!""]",Hopefully they will diagnose her correctly and she becomes her normal self. Fingers crossed!,"I had to leave my dog at the vet overnight, so they can run some tests. She hasn't been eating much lately, and she's just been really lackadaisical and lazy. I don't think I'll be able to sleep tonight, knowing she's there in a weird environment, all alone.",terrified,[None],[None]
1043,"['i was driving down the road when this car was speeding towards me, nearly hit me head on', 'Oh my!  I am glad to hear you managed to avoid the collision.', 'people will never learn not to speed']",Young people never appreciate the danger of speeding.,this car nearly hit me head on while driving down the freeway at a medium speed,apprehensive,[None],[None]
1090,"['Man, I was sitting alone at 3am last night with the lights off. Felt spooky', 'I can imagine.  I hate being out alone at those kinds of hours.  I try to avoid it.', ""Yeah, it wouldn't be so bad if I was with someone, but you know how it is. When the lights are out and no one is around, you feel lonely""]",I get that feeling.  Something about the dark just feels so depressing sometimes.,Sitting at a computer at 3am with the lights off alone.,lonely,[None],"I'm in a negative mood, please comfort me."
1136,"['Im not sure if this has happened at a job you have had, but it gets me so annoyed when the boss keeps useless employees around just because they suck up to him']","That's the worst, who's he keeping around?",when my boss keeps lazy workers around,jealous,ask me for further details,"I'm in a negative mood, please comfort me."
1235,['Last week I was at the park with my kid and got distracted by my phone. I looked up and my daughter was gone! My stomach dropped and became really scared. Luckily I found her in the tube slide.'],"oh god that's worse than thinking you lost your phone for a second, i am aware of the feeling, how are you feeling now",Last week I was at the park with my kid and got distracted by my phone.  I looked up and my daughter was gone!  My stomach dropped and became really scared.  Luckily I found her in the tube slide.,terrified,[None],"I'm in a negative mood, please comfort me."
1322,['I have a lot of nerves today!'],"Hm, thats not good. How so, if I may ask?","I have a lot of nerves today! I am sick a lot in my health and I can't seem to figure out what sets off my fibro a lot, it gives me anxiety and depression and I am just so overwhelmed with it I don't know what to do anymore!",anxious,ask me for further details,[None]
1548,"['I get so ticked off when I see people leave their shopping carts in the parking lot. How lazy are these people!', ""That is very true! I dono't understand why people doe that!"", 'I want to yell at them and tell them they are inconsiderate. The nerve of it!']",Yeah they deserve it!,I get so mad when I see lazy people not return their grocery carts. How inconsiderate of them. I want to yell at them.,furious,[None],"I'm in a positive mood, please congratulate me and praise me."
1671,"['Yesterday was a great lazy day.  I did nothing but sit outside in the sun and read a book.  It was completely happy', 'That sounds like a wonderful time. I wish I had the time for that!', 'It is always a good idea to make time for some me time.  It helps relax and clear your head.']",That's very true.,Yesterday I did nothing but sit outside and read a book.  I was completely relaxed all day,content,[None],"I'm in a positive mood, please congratulate me and praise me."
1692,"[""Someone had to walk into the bathroom after I had used it and made it smell really badly. As I was leaving, they made a comment about how bad it smelled, and I couldn't help but cringe"", 'I am sorry to hear that, it is pretty embarassing to be in situations like that', ""I know... nothing I could have avoided. Either that, or soil myself in public. Yeah, easy choice. I guess we all have those experiences from time to time. I will never eat spicy Indian food again, unless it's at home.""]","Haha I hear you there, that stuff is potent","Someone had to walk into the bathroom after I had used it and made it smell really badly. As I was leaving, they made a comment about how bad it smelled, and I couldn't help but cringe.",embarrassed,[None],[None]
1778,"[""My girlfriend has been acting suspicious lately. Guarding her phone, being absent here and there when she didn't used to be. Having weird excuses for her weird behavior. She tells me nothing is going on, and I try to believe her. I don't know how much longer that will last."", ""I'm sorry. It can be hard to be in a situation where you think the other person is cheating. Is there any other reason she might be acting suspicious? Have you talked to her about it?"", ""I've talked to her about it a lot. At this point, I start to feel whiney. But I don't know what else to do. Avoid it when there's still concern? I'm still not getting the answers I want, and I still have suspicions.""]",Maybe you just need to give her some space. Women tend to pull back when they feel like they are being smothered. Either it works or she moves on. No matter which happens you know.,"My girlfriend has been acting suspicious lately. Guarding her phone, being absent here and there when she didn't used to be. Having weird excuses for her weird behavior. She tells me nothing is going on, and I try to believe her. I don't know how much longer that will last.",trusting,[None],[None]
1951,"['My kids are so bad about bringing their dirty dishes to the sink and not rinsing them off.', ""Aw man, kids can be SO lazy and don't like to do what they're supposed to. Have you tried a rewards system to get them to do what they have to, or are they too old for that?"", ""They are to old for that. I don't have a dishwasher and have told them if they don't get it together they will be doing the dishes themselves.""]","YES. I say make them do it. Maybe take away phones, etc. if they don't get it together. No excuses for that!",My kids will bring their dirty dishes in and put them in the sink without washing them off. We don't have a dishwasher and I have to end up scrubbing those by hand. It drives me nuts.,surprised,[None],[None]
1960,"['Some stories terrifies me', 'Well then avoid the stories that scare you.', 'Yes,but we are in the world']",Well there's no reason to waste your time reading scary stories.,I was alwals terrified about the unknown,afraid,[None],[None]
2081,"[""Man, don't you hate when you have a test coming up and you procrastinate studying?"", 'Yes.. I have a test coming up and I should be studying right now!  LOL', ""Hahaha, well, this is a pretty good use of your time as well though! But yea, it's so much easier when you study ahead of time. I don't know why I don't do it more often, lol.""]",They say some of the smartest people are procrastinators.,"One time I had a test to take. I studied and studied and got myself ready for it. When it came time to take it, it felt extremely easy.",prepared,[None],[None]
2108,"[""I've lost my job and am behind on my mortgage. It scares me that I could lose my home."", ""That's awful, I'm sorry to hear that. I lost my job once as well and times got really hard. What kind of stuff are you doing to try and avoid that outcome?"", ""Thank you. I've been working odd and ends and am looking for a job that pays more of course. How did you overcome that time?""]","Well, at the time I was holding out for a similar paying job like I had before but I could not find one and I ended up working fast food. I had to downsize my place as well.",I've lost my job and am behind on my mortgage. It scares me that I could lose my home.,terrified,[None],[None]
2141,['Sometimes I feel like I have so much going on that I feel overwhelmed and over ran with anxiety that it makes it hard to stay focused on everything'],"I totally understand.  Life can sometimes seem overwhelming.  I have learned to stop, take a deep breath, and do one thing at a time.",I find myself with being over ran with anxiety that it is hard to concentrate and stay focused,anxious,[None],"I'm in a negative mood, please comfort me."
2369,"[""i'm very worried about coming off too bossy in front of my boss and director."", 'Why is that?', 'i am just not cool with lazy people and slackers. i am just a doer']",I don't think that being bossy. You are just really concerned with getting a job done efficiently,i'm very worried about coming off too bossy in front of my boss and director.,guilty,[None],[None]
2463,"['So I just bought plane tickets and book a hotel.  I am going to Vegas for the first time this fall!', 'im so excited for you, my friend has gone twice he said a lot of people are passed out drunk on the street , and even taco bell sells alcohol very weird place', 'I will avoid the passing out drunk on the street part, but I am very pumped to be going']","i would love going one day as well , just ignore the drunk people i bet your gonna have a blast",I just bought plane tickets to Las Vegas for this fall.  I have never been and I am very happy about it,excited,[None],[None]
2483,"['When I was pregnant, the smell of cooking egss made me feel so sick', 'Really? Did you avoid eating them?', ""I tried, but once I had to go to a brunch work thing for my husband's job.  I spent the whole time in the restroom.""]","Wow! That happened to me at work when I was pregnant, too. Except for me, it was curry.","When I was pregnant, the smell of cooking eggs made me sick to my stomach. I had to go to my husband's work brunch even and spent the whole time in the restroom.",disgusted,[None],[None]
2731,"[""I'm in no hurry to move out of my parents house."", ""I don't blame you. I would be trying to avoid bills too."", 'Plus my moms my bestfriend so its a win win situation.']",It is always good to have a pleasant relationship with your parents.,"Living with my family, I have no rushes to move out. Love my parents a lot.",content,[None],[None]
2781,"['my little sister got a job and is still in highs school i know this was  a common thing for anyone back in the days , but in todays world a lot o people are lazy and in titled i felt happy for her']","Oh my lord,  Are you okay?",my baby sister got a job,surprised,ask me for further details,[None]
2846,"[""My son is getting pretty good at playing the drums. I always wish I learned how to play an instrument, but never had the courage to. Glad that I motivated him to play and very happy that he's actually getting pretty decent."", ""That's awesome, I'm with you, I always wished I continued to learn to play the guitar.  It's always a nice skill to have."", ""I feel like it's one of the few things I could have just had a natural talent to do, if I actually put effort into developing it. Can't really explain it. My dad was good at it, and the movements to drum feel natural and fun to me. But I got lazy and never went with it.""]","Hey, it's never too late to start up again.  You can always do it as a hobby!","My son is getting pretty good at playing the drums. I always wish I learned how to play an instrument, but never had the courage to. Glad that I motivated him to play and very happy that he's actually getting pretty decent.",impressed,[None],[None]
3074,"['I uber food fom McDonalds often. I have never gotten a bad order yet. WEird huh', ""that's really good! Have you been driving distracted when you uber?"", ""I don't drive. I order the food lol.""]","oh okay sorry, i was just a little distracted about my car accident the other day.",I have never had a bad uber order from McDonalds. That was unexpected.,impressed,[None],"I'm in a negative mood, please comfort me."
3199,"[""I'm doing a pretty good job balancing work and school right now. School is about to start up again, and I've managed to maintain my savings and pay off my student loans a little bit while still in school. I don't feel like a lot of other students can say that, and I'm happy""]",I'm so proud of you! That's a lot to deal with all at once!,"I'm doing a pretty good job balancing work and school right now. School is about to start up again, and I've managed to maintain my savings and pay off my student loans a little bit while still in school. I don't feel like a lot of other students can say that, and I'm happy",proud,[None],"I'm in a positive mood, please congratulate me and praise me."
3375,"['I am ashamed of myself for being lazy and not going to the gym, I am not sure why I struggle with it', 'Same.. for me its because i work so much, and being a parent is so draining for me... i bought a new machine tho im going to start working out on friday. Try to find out whats causing it for you, and take 1 step to fix it you got this!', 'That is what I will try, I just keep making excuses']",One tiny baby step in the right direction and everything else will fall together piece by piece!!!,"I am ashamed of myself for being lazy and not going to the gym, I am not sure why I struggle with it",ashamed,[None],"I'm in a positive mood, please congratulate me and praise me."
3385,"['it was pouring down rain when i got home so i grabbed all my stuff and got ready for a break in the rain so i could get in the house without getting soaked.', 'Were you able to avoid the rain?', 'yes thankfully i was able to get in the house without rain falling on me']",That is good!  It seems like you dodged the bullet!,"it began to rain and i waited for it to stop. i became prepared for it to stop so i could run inside my home without getting soaked,",prepared,[None],"I'm in a positive mood, please congratulate me and praise me."
4178,['Phew that was close.'],What happended?,I avoided kissing a girl while I was out one night. I'm in a relationship.,faithful,ask me for further details,[None]
4189,"[""My son's pediatrician told me to call Early Intervention because he's delayed in talking.""]","Oh no, I'm sorry to hear that. Do they have any idea what the cause may be yet?",My son's pediatrician advised me to have early intervention out because he's delayed in talking.  The appointment is set for next week and I don't really know to expect.,anxious,ask me for further details,"I'm in a negative mood, please comfort me."
4278,['I was irritated last week. My landlord seemed to avoid me'],Really? Why is that?,I was pretty irritated last week. My landlord avoided me,annoyed,ask me for further details,[None]
4395,"['I went to meet up with someone who was going buy a guitar from me. He lived 30 minutes away. The guy never answered his door when I got there.', ""I hate it when that happens. I don't feel like it is necessary to flake,they should be sure before they lead people along."", ""i was so mad.  it was a $400 guitar I was selling or I'd not have driven out that way. I had him banned from the sales app i was using.""]",That's completely reasonable considering the distance you had to drive for no reason. hopefully another interested buyer pops up soon.,I went to someone's home who was going to buy a guitar from me after confirmation that he would be there.,trusting,[None],[None]
4654,"['The thing the bugs me the most at my job is really lazy workers , they only work when management is around and as soon as they leave back to being lazy', 'Well thats part of being in the workforce, work when everyone is looking, hang out when they are not. Most people arent paid enough to care', 'well i do care , and if i every become management again im firing everyone slowly']","Sounds a bit harsh, but business is business",lazy workets bug me,annoyed,[None],[None]
4793,"['I had a bad headache this morning. I had coffee delivered and was so thankful for it.', 'Yeah, I know what you mean. Coffee always cures my headache. But then again it is probably not having coffee that causes the headache too.', 'Yep but also drinking coffee causes more headaches in general. I try to avoid it unless I already have a headache.']",I wish I could say the same. I am addicted. :(,I had a bad headache this morning. I had coffee delivery and I was so thankful because it helped the headache.,grateful,[None],[None]
4957,"[""I'm back in my old college town for the first time since graduating. It's weird how many memories flood back from just physically being in a space. I'm seeing all the places I used to eat, my old apartment, my campus, and my friends here and there... makes me wish I could go back"", ""Yeah, it's weird going back to college."", ""Definitely. And also seeing the people. Some grow up, some don't. Some want to be the same kind of person that they were in college, and drag you down with them when you see them again. Have to make sure I avoid those.""]","Oh yeah, bad influences.  When I look at my student loan payments, I don't miss college.","I'm back in my old college town for the first time since graduating. It's weird how many memories flood back from just physically being in a space. I'm seeing all the places I used to eat, my old apartment, my campus, and my friends here and there... makes me wish I could go back",nostalgic,[None],[None]
5042,"['i was going to place an online order for a tshirt, but the site was really sketchy']",What was sketchy about it?,avoided placing an order,apprehensive,ask me for further details,[None]
5207,"['First time I went to my very first Dungeons and Dragons get-together, I felt really overwhelmed with all the verbiage and rules and stuff like that. Had no idea what I was doing and felt dumb. Did my best to learn what I could this time around, and I plan to not drag everyone else down']",What is your character?,"First time I went to my very first Dungeons and Dragons get-together, I felt really overwhelmed with all the verbiage and rules and stuff like that. Had no idea what I was doing and felt dumb. Did my best to learn what I could this time around, and I plan to not drag everyone else down",prepared,ask me for further details,[None]
5266,"['Had a board meeting  to attend ,yet at the last hour, after delay ,it was cancelled', 'That is unfortunate. You must have really angry to have wasted your time.', ""U can't imagine!""]",It has happened to me as well. Its very annoying when it happens.,My flight was cancelled,angry,[None],"I'm in a negative mood, please comfort me."
5352,"['I had my own issues at work.  I was gossiping at work the other day with a coworker of mine.', 'Something juicy I hope.', 'Yeah...just as I called the boss fat and lazy, she comes walking around the corner and hears me. I felt pretty vulnerable at that moment']",Whoops! Did she take it with anything approaching a sense of humor?,I had been talking to another coworker when someone else overheard my call the boss fat and ugly.,ashamed,ask me for further details,[None]
5476,"['My sister in law lived with us and she was so lazy, she slept in until five pm everyday on our couch with the curtains drawn and expect us to all just stay in the dark all day.', ""Oh my gosh, that's so annoying! How did you deal with it?"", 'Well eventually I just called up a local post office and asked if they were hiring, and sent her in to apply and she got a job which got her up.']",That was a good solution! Smart thinking!,"My husband's sister lived with us, and she slept in all day. She was on our couch and would just lay there with the curtains drawn until like five o clock.",annoyed,[None],"I'm in a positive mood, please congratulate me and praise me."
5490,['I am so impatient and ready overwhelmed all of it!'],What are you overwhelmed by,im so ready to see what the future holds,anxious,[None],[None]
5614,"['My son really wanted me to play a video game with him tonight, but I kept on asking him to wait a little longer so I could finish up some work. He ended up falling asleep.', 'Oh no, how did that make you feel?', 'I felt terrible, honestly. I chose work over spending time with my son. Something I always wanted to avoid.']",It happens. But next time you;ll be more aware,"My son kept bugging me to play a video game with him, but I kept putting it off so I could get some more work done. He ended up falling asleep before I could play with him.",guilty,[None],"I'm in a negative mood, please comfort me."
5919,"['When I was a kid, I watched Psycho at a sleepover on Halloween.', ""That's terrifying! I bet you didn't sleep that night!"", 'I actually avoided the shower for days!  lol', 'HA! Are you a fan of horror movies now, or do you still find them scary?', ""I'll watch them now because my husband loves them, but they're not my favorite""]","Yeah, me either, although there have been some good ones lately. Better stories, more plot.","When I was a kid, I watched Psycho at a sleepover on Halloween.  I avoided the shower for days after that.",apprehensive,[None],[None]
5923,"['I accidentally yelled at an elderly person becuase I thought they were being mean to me when they were trying to help me while I was driving.', 'oh what were they doing to you', ""He was making gestures as I was driving past and I thought he was telling me to slow down. I wasn't going that fast and it distracted me so I got upset. Turns out, he was trying to tell me of severe weather in the area."", 'oh , elderly people are little tough to understand', 'He was a very nice man in the end and I apologized profusely.']",yeah thats very nice to apologize to elderly people,I thought that an elderly person was yelling at me that I was driving too fast so I yelled back at him. I told him he had no right to tell me how to drive. But then he apologized to me and said he had just been trying to warn me of some bad weather. I felt really bad that I had assumed.,guilty,[None],"I'm in a positive mood, please congratulate me and praise me."
6614,"['i was at a rangers game and this guy attacked a kid over the shirt he was wearing', ""That sounds like an uncomfortable situation. What ended up happening? I kind of avoid large crowds and sports events because of this, since there's usually alcohol involved."", 'yeah it just made me upset so i had a argument with him']","Oh, so you got involved? Were you trying to protect the kid? If so, I can understand that, and that's noble. Hopefully nothing too negative came from the situation.",I was at a baseball game and this guy heckled a kid an i got into a argument with im,furious,ask me for further details,[None]
6864,"[""At night, my neighbors dog keeps barking and barking and I have no idea why. I've avoided bringing it up to him, but I'm trying to avoid drama.""]","That must be annoying, what kind of dog?","My neighbors dog does not shut up at night and it's agitating me. I've been avoiding bringing it up to him, but it's getting to me n ow.",annoyed,ask me for further details,[None]
6916,['The package that was supposed to be delievered today was delayed by UPS'],That sucks.  Did they give a reason?,The package that was supposed to be delievered today was delayed by UPS,annoyed,ask me for further details,[None]
7024,['A bad storm was coming in just as I was leaving for the airport so I brought extra snacks in case I got delayed.'],Oh that's good you prepared but that's terrible timing!,My plane got delayed because of a storm but I brought snacks just in case.,prepared,[None],"I'm in a positive mood, please congratulate me and praise me."
7503,"['I always get nervous when I drive. The possibility of getting into a car accident is nerve wrecking.', 'I hate driving, I avoid it as much as possible.', 'I think it has to do with seeing a lot of car accidents when I was little.']",Mine was from being in one and just being nervous about having to be in charge of things.,I always get nervous when I drive. The possibility of getting into a car accident is nerve wrecking.,anxious,[None],[None]
7607,"['I did my homework ahead of time. I knew I would not have any free time over the busy weekend.', ""Smart move - it's always a swell idea to get ahead of work so that we can do the things we want to do in life."", ""I agree. I used to procrastinate a lot but I've learned that it's not a good habit.""]","Yup, I used to procrastinate all the time, but I think I am getting better at doing things ahead of time. And it feels so much better to get trivial things out of the way.",I did my homework ahead of time. I knew I would not have enough time on the weekends.,prepared,[None],[None]
8447,"['Just avoided cheating on my girlfriend.', ""Whoa that's out of left field, how'd that happen."", ""i was at a party and this girl came up to me and tried to kiss me, I had to say no. I'm a faithful man.""]",Good for you! Are you going to tell your girlfriend about it?,A girl tried to kiss me at party. I was already in a relationship at the time.,faithful,ask me for further details,"I'm in a positive mood, please congratulate me and praise me."
8465,"['My cat just scratched up my brand new leather couch while I was at work! I am so mad at him right now I could scream!', ""That's frustrating!  We have cat scratching posts EVERYWHERE to try to avoid that, but still had to put the sticky tape on the couch to prevent scratching"", 'I have a cat scratch past as well, but he really liked the smell of the leather.  I should have known he was going to do that.']","Cats are always getting into things they shouldn't, but I still love them",My cat just scratched up my brand new leather couch while I was at work!  I am so mad at him right now I could scream!,angry,[None],[None]
8529,"['Had a board meeting  to attend ,yet at the last hour, after delay ,it was cancelled']",That is unfortunate. You must have really angry to have wasted your time.,My flight was cancelled,angry,[None],"I'm in a negative mood, please comfort me."
8564,"['I am worried about not being ready for the party on Friday', ""You're hosting a party? or attending one? Either way, social gatherings can always be a lot of pressure, so that's why I usually avoid them, unfortunately. What are some of your worries, if you don't mind me asking?"", ""I don't know if I have enough energy to get the house deep cleaned and prepare all the food""]","Oh, so you're hosting. Man, that's definitely hard. I really do feel for you, as I wouldn't have the courage to do that. Well, since you're worried about it, at least it shows you care. And you still have plenty of time to prepare! Do you have anyone that can help?",I am worried about not being ready for the party on Friday,anxious,ask me for further details,"I'm in a negative mood, please comfort me."
8597,"[""Hello there! So I just finished high school and retook maths in my final year because I didn't do well it the year before""]",How did it went?,"I have graduated high school this year. I've always been really smart in school however I am extremely lazy so last year I didn't do too well in maths. I retook maths in my final year and got the exact same result as the year before, which meant I didn't get into the university I wanted so I expected better from myself.",ashamed,ask me for further details,[None]
8791,['I was a little put off when I was passed over for the promotion'],That can be upsetting. Did they tell you why?,I was a little put off when I was passed over for the promotion,annoyed,ask me for further details,"I'm in a negative mood, please comfort me."
8869,['I had to pay a late fee on my car taxes because I procrastinated in paying them on time. I always put off important things because I feel too scared to do them for some reason. Not sure why I keep making the same mistakes'],Me too. I miss payments sometimes because I forget about them and I'm lazy.,I had to pay a late fee on my car taxes because I procrastinated in paying them on time. I always put off important things because I feel too scared to do them for some reason. Not sure why I keep making the same mistakes.,disappointed,[None],[None]
9092,"[""I'm so mad at my son! He's had the entire summer to do his summer reading and he put it off to the last minute!"", ""I'm not suprised. I always did that as a kid."", ""School starts tomorrow and he still isn't done. I guess maybe one day he'll learn not to procrastinate!""]",Yeah the only way he will learn is if he figures it out by himself.,I'm so mad at my son. He has had all summer to do his summer reading and he put it off to the last minute. School starts tomorrow and he still isn't done.,furious,[None],[None]
9156,"['I was reading the news and came across a story about children being killed in a fire. It hurt my heart to think about it', 'That is horrible, so sad.', 'This kind of tragedy is even worse when it could have been avoided.']","Yes, fire prevention shouldn't be that hard.",I was reading the news and came across a story about children being killed in a fire. It hurt my heart to think about it.,sad,[None],[None]
9238,['My brand new car was hit in the grocery store parking lot yesterday.'],did you catch the person?,I was driving through the parking lot of the grocery store.  Some lazy lady looking for a close parking spot backed into my new car.,furious,ask me for further details,[None]
9395,"[""I got this chick's number yesterday and I wasn't expecting it.  I was about to fight this one guy who was talking crap to me but he ran away like a little bitch and she and her friend saw everything...I thought they were gonna start avoiding me...but they actually chatted me up asking me where I'm from and now she's still texting me haha""]",Sounds like quite the adventure you had. You must feel proud of yourself.,I wasn't expecting to get this chick's number yesterday at the gym.  It was a pretty funny story actually,surprised,[None],"I'm in a positive mood, please congratulate me and praise me."
9428,"['I am constantly finding plates with food or grease still on them.', 'That is annoying!  Is someone in your house not doing there job cleaning after themselves.', ""No, they think they are but I guess they are lazy and don't use soap on their dishes or will just dust the plate off and put it in the drain! lol""]",That is no good.  What are you going to do about it?,I have a roommate that things it's ok to not use soap when washing her dishes.,angry,ask me for further details,[None]
9433,"[""Have to go to the doctor tomorrow to see if I have strep throat. I hate when they have to swab the back of your mouth to make sure that it's strep so they can treat you. Really hoping to avoid that this time around.""]","Sorry to hear that, the trouble of going to the doctor just to confirm its strep throat is the worst. It's like I know I have it, just help me!",Have to go to the doctor tomorrow to see if I have strep throat. I hate when they have to swab the back of your mouth to make sure that it's strep so they can treat you. Really hoping to avoid that this time around.,hopeful,[None],"I'm in a negative mood, please comfort me."
9564,"['I uber food fom McDonalds often. I have never gotten a bad order yet. WEird huh', ""that's really good! Have you been driving distracted when you uber?"", ""I don't drive. I order the food lol."", 'oh okay sorry, i was just a little distracted about my car accident the other day.', 'Sorry to hear that']",this semi pushed us off the road I'm still a little freaked out about it,I have never had a bad uber order from McDonalds. That was unexpected.,impressed,[None],[None]
9581,"[""I was at a restaurant and the waiter didn't serve us at all! She was so lazy! I was so dissapointed."", ""That's super frustrating! Did you walk out?"", 'Yes! We got some free drinks basically!']",That's the bit I kind of don't like about restaurants. I get why they don't let you get your own beverages but at the same time it seems unnecessary to have to wait for someone to refill your glass.,I was at a restaurant and the waiter didn't serve us at all! She was so lazy! I was so dissapointed.,annoyed,[None],[None]
9663,"['A bad storm was coming in just as I was leaving for the airport so I brought extra snacks in case I got delayed.', ""Oh that's good you prepared but that's terrible timing!"", ""Yea, it wasn't as bad as it could have been though. The delay was only about half an hour.""]","It's good it ended up not being too bad, storms can be very unpredictable",My plane got delayed because of a storm but I brought snacks just in case.,prepared,[None],"I'm in a positive mood, please congratulate me and praise me."
9694,"['a while back my manager had told me i would most likely get a promotion within the next few weeks.', ""That's great news! You must be excited!"", 'well i was, hahaha its been at least a month now, and it seems like she has been avoiding me!']",Oh gosh. Wonder why she won't be upfront about it.,I had been told at work i w as likely to get a promotion in the next few weeks. It has been almost two months now and I am not happy,disappointed,[None],[None]
9745,"['My daughter is being so lazy this summer.', ""I think that's the usual for kids. How old is she"", '13. I ate her dinner yesterday because she just refused to get up. I feel bad about it now']",That's kind of funny though. How did she react?,I ordered McDonalds yesterday and since my lazy daughter wouldn't get out of bed I ate her food. I kind of fell bad about it.,guilty,ask me for further details,[None]
9786,"[""I got this chick's number yesterday and I wasn't expecting it.  I was about to fight this one guy who was talking crap to me but he ran away like a little bitch and she and her friend saw everything...I thought they were gonna start avoiding me...but they actually chatted me up asking me where I'm from and now she's still texting me haha"", 'Sounds like quite the adventure you had. You must feel proud of yourself.', 'Maybe a little haha I was pretty heated though...glad it turned out for the better']",Yes and hopefully no one was hurt.,I wasn't expecting to get this chick's number yesterday at the gym.  It was a pretty funny story actually,surprised,[None],[None]
10394,"['When I was a kid, I watched Psycho at a sleepover on Halloween.', ""That's terrifying! I bet you didn't sleep that night!"", 'I actually avoided the shower for days!  lol']","HA! Are you a fan of horror movies now, or do you still find them scary?","When I was a kid, I watched Psycho at a sleepover on Halloween.  I avoided the shower for days after that.",apprehensive,ask me for further details,[None]
10427,"[""I used the internet to help me write a paper once because I didn't read the literature. It was flagged for plagiarism."", 'Oh my...You have to be careful when you use the internet for school assignments.', 'Very true! I felt so bad. That was the first and last time that ever happened.']",I know someone else that happened to. I wouldn't take anymore chances either.,"Once upon a time, I had to write a paper for an English assignment. I decided to procrastinate on the assignment and did not read the literature I was supposed to. I decided to use the internet to help me write my paper and my paper was flagged for plagiarism. I felt so bad for not taking the time out to read my assignment.",ashamed,[None],"I'm in a negative mood, please comfort me."
10522,"['I was cleaning out my fridge and found some meat that was over a month old. It was green and really gross.', 'That is disgusting.  Sounds like my dad though,  He keeps things for months', ""Yeah I was just lazy in cleaning stuff out, but I  won't make that mistake again! I don't like to throw up while I'm cleaning.""]",UGH thats bad.  I bet is smelled like crap too,I was cleaning out my refrigerator and found some out dated food. It was absolutely repulsive.,disgusted,[None],"I'm in a positive mood, please congratulate me and praise me."
10638,"['I sent a parcel to my cousin recently and it never arrived. It cost me $50', 'Wow! Some delivery driver must be excited about their latest acquisition!', 'I did think that it had probably been stolen but I try to see the best in people so I hoped it had just been delayed. That was 2 months ago and it still has not arrived. Maybe it is time to move on']",I didn't mean to sound so flippant. That is a lot of money to lose. Was the item itself expensive also?,I sent a parcel to my cousin recently and it never arrived. It cost me $50,trusting,ask me for further details,[None]
10805,"['I am afraid of how the Nintendo Switch has been doing recently, a lot of games have been delayed or cancelled', ""Oh, is that the newest? I haven't played on one since super nintendo!"", 'It is, a cool console, but the delays are killer']","What is it like playing it, is it virtual reality/?","I am afraid of how the Nintendo Switch has been doing recently, a lot of games have been delayed or cancelled",afraid,ask me for further details,[None]
11016,['I decided to treat myself tonight and make grill a huge steak for myself tonight.'],That sounds really great and delicious!,I decided to grill a steak tonight for dinner.  I got distracted and it got burned.,angry,[None],"I'm in a positive mood, please congratulate me and praise me."
11030,"[""I've been trying to lose weight for a while but I think I've finally gotten to where I can make lunches that are healthy but I still want to eat, and I don't feel like I'm starving literally all the time.""]",Oh that is great! I have had great success doing keto and fasting for not feeling so hungry! Carbs and sugar do me in! What kind of lunches do you make?,"I've been trying to diet forever, but at first I was suffering. Now, I've finally gotten to where I can make healthy lunches that I still want to eat, and don't feel like I'm starving all the time.",content,ask me for further details,"I'm in a positive mood, please congratulate me and praise me."
11064,"[""Have to go to the doctor tomorrow to see if I have strep throat. I hate when they have to swab the back of your mouth to make sure that it's strep so they can treat you. Really hoping to avoid that this time around."", ""Sorry to hear that, the trouble of going to the doctor just to confirm its strep throat is the worst. It's like I know I have it, just help me!"", ""Haha, that's exactly how I feel. And then when they have to swab the back of your throat, I always gag and they keep having to do it over and over. It's traumatic almost, and I'm already sick to boot!""]","Hopefully you can avoid that, the swab to the back of your throat is a gross feeling!",Have to go to the doctor tomorrow to see if I have strep throat. I hate when they have to swab the back of your mouth to make sure that it's strep so they can treat you. Really hoping to avoid that this time around.,hopeful,[None],[None]
11106,"[""My two dogs got into a fight with each other, and now they're avoiding one another. They even drew blood on each other during the fight. They're usually good buddies, so it kind of bothers me that they did that"", 'That is too bad. Are they getting along now.', ""Not quite. They're not aggressive with one another, but they still haven't completely gotten back to the point where they're acting normal. I guess it's just a matter of time. They've been together four years, and that was the worst fight yet.""]",Are they okay now?,"My two dogs got into a fight with each other, and now they're avoiding one another. They even drew blood on each other during the fight. They're usually good buddies, so it kind of bothers me that they did that.",sad,ask me for further details,[None]
11153,"[""Man, don't you hate when you have a test coming up and you procrastinate studying?""]",Yes.. I have a test coming up and I should be studying right now!  LOL,"One time I had a test to take. I studied and studied and got myself ready for it. When it came time to take it, it felt extremely easy.",prepared,[None],[None]
11256,"['I was thinking about my pets and a few loose cats I know of a lot the past few days and how I will always be dedicated to helping animals.', 'Awww.. I love cats.. Sorry.. I was yelling at my boyfriend..', ""LOL! Well that is a funny thing. Yelling at him? What happened! Yes, I will always help them. I am very worried about a little grey and white one especially...He used to beg at my neighbors door..and my neighbor is now gone and I haven't seen him."", 'Awww.. I hope you find him.. he is playing video games and being super lazy', ""Oh girl...Don't you hate that? I cannot stand a lazy dude..Unless they are working 15 hour days..and even then..I work too- Everyone needs to help. Oi...When did men ever turn into boys as they get older? And not in the cute happy way! lol"", ""He sucks he doesn't work or do chores at home.. PS4 24/7"", 'Kick him out honey..You are not his mother. Partners should never have to be the parent to a grown adult. You are worth more then that and you are here working. Frankly he either needs to be taking care of the house and doing a good job OR WORKING..His job should be looking for work all day then. Oi...I am angry for you!!']",He thinks I am his mother I think he wants to be mothered,I was thinking about my pets a lot the past few days and how I will always be dedicated to helping animals.,sentimental,[None],[None]
11305,"['My dog pooped on the carpet yesterday.', 'Is the dog potty trained?', 'Nope. I am far too lazy to do that. In response, I beat her with a pool noodle. Think that got the message across.']",That pool noodle must be terrifying for her.,My dog pooped on the carpet. Never been so mad in my life.,furious,[None],[None]
11472,['Yesterday was a great lazy day.  I did nothing but sit outside in the sun and read a book.  It was completely happy'],That sounds like a wonderful time. I wish I had the time for that!,Yesterday I did nothing but sit outside and read a book.  I was completely relaxed all day,content,[None],"I'm in a positive mood, please congratulate me and praise me."
11564,"[""Learned earlier today that I had been drinking all day out of a cup that had been used earlier by someone who has bronchitis. I'm hoping it's not too contagious... Why can't people properly clean and put things away so I don't confuse dirty dishes with clean dishes!"", ""People can be inconsiderate sometimes. I hope you don't get sick!"", ""Well, we'll see. I'm generally pretty healthy and haven't been to the doctor in like over 6 years for anything other than the flu. So, hopefully my immune system will keep it at bay. But it was just it's something so simple and avoidable, and they didn't do it. I guess I should feel more empathy for them though, since they're sick.""]",That's true. It's nice of you to put yourself in their shoes.,Learned earlier today that I had been drinking all day out of a cup that had been used earlier by someone who has bronchitis. I'm hoping it's not too contagious... Why can't people properly clean and put things away so I don't confuse dirty dishes with clean dishes!,disgusted,[None],"I'm in a positive mood, please congratulate me and praise me."
11748,"['I am ashamed of myself for being lazy and not going to the gym, I am not sure why I struggle with it']","Same.. for me its because i work so much, and being a parent is so draining for me... i bought a new machine tho im going to start working out on friday. Try to find out whats causing it for you, and take 1 step to fix it you got this!","I am ashamed of myself for being lazy and not going to the gym, I am not sure why I struggle with it",ashamed,[None],[None]
11767,"[""I love who I am now.  But I'm livid at my older self, that guy was a deadbeat and I'd probably beat the crap out of him haha""]","Im glad you made changes for the positive in your life.  You cant go back into the past, but you can keep moving forward","Looking back at my old self I'm actually livid at how stupid and lazy I was.  I'd probably beat the crap out of that guy, he was such a deadbeat",furious,[None],"I'm in a positive mood, please congratulate me and praise me."
12061,"['i was studing for a test yesterday and really trying to concentrate', 'How did that go? Studying is very important in order to do good.', 'yea , but my girlfriend was beside be and she was flicking her fingers and nails up and down over and over against the wooden table we were at.  can you imagine this when I need perfect silence for studying', 'How annoying that could be. She could have alittle more respect for you.', 'Exactly but i acrd the test ant way . but i can still hear those finger nails click, click, click , click']",How frustrating! I hope you were able to study just a little though.,i was beside my girlfriend at the dinner table studing for test. She started taking her fingers and clicking her fingers against it repeatedly it it kept me distracted from my goal which was studying,annoyed,[None],[None]
12168,"['Ugh, it is so frustrating when you pay extra for express delivery and the shipping company messed up!', ""Oh yea, I've had it happen a few times. It's even worse when they lose the package for a while"", ""Yes! That's why I have to stay on top of the package tracking because you never know when something could go wrong.""]",I don't blame you. I try to keep tabs on them because I don't trust they will be delivered in time. I also set up a camera to catch deliveries that don't deliver :},"I ordered a product with express delivery, and it was delayed for a week!",angry,[None],"I'm in a negative mood, please comfort me."
12641,"[""I'm so glad music is more freely accessible now. When I was younger, everything was at least $10 if i wanted to listen to an album."", 'yea, this is a much better time for content', 'Kinda wish I was born in this era, but then I think I would be really distracted.']",yea i can see that also,"I'm so glad music is more freely accessible now. When I was younger, everything was at least $10 if i wanted to listen to an album.",joyful,[None],[None]
12748,"[""I  provide for a family of 8. It's tiring but rewarding"", ""Wow! The struggle is real. I hope you're not too tired and stressed. I wish you luck for being so selfless!"", 'I love my wife alot, we had a set of twin 3 times in a row so the children are 6 plus myself and her all 8']","Do twins run in your family or are you just lucky? I mean that seriously, not sarcastically",I am provide for a family of 8. It's tiring but rewarding,caring,ask me for further details,[None]
13083,"['when i get payed i usually go to my go to restaurant places , i avoid fast food since they always get my orders wrong, so when new restaurants open i tend to avoid them until i see good reviews', 'Yeah the new places are always really busy when they first open too!', 'i wait for a few months , but eventually go']",Yeah same here,"every time a new restaurant opens , i kinda dont trust it",apprehensive,[None],[None]
13258,"['I just missed getting run over by a 18 wheel truck the other day.', ""OH goodness!  I'm glad you are ok, what happened?"", ""I was steeping off the curb to go to my neighborhood grocery store when a delivery truck pulled out of the parking lot.  I had to run as fast as I could to avoid him cause he wasn't stopping.""]",WOW!  That person needs to loose their license I believe - you are so blessed you were not hurt.,I just missed get run over by a 18 wheel truck the other day.,terrified,[None],"I'm in a negative mood, please comfort me."
13361,"['I put off changing my kids diaper for 5 minutes. Poop ended up leaking out in front of many other people.', ""Oh no, I'm sorry to hear that. With five kids, that has happened to me multiple times. I can commiserate!"", ""I was picking my oldest up from school. I really thought he'd be fine for 5 minutes.""]",It's okay. It happens to all of us!,I put off changing my kids diaper for 5 minutes. Poop ended up leaking out in front of many other people.,ashamed,[None],"I'm in a negative mood, please comfort me."
13516,"[""We were at a family gathering, and my relatives were in town for the weekend and we were saying our final goodbyes before they headed back home. My nephew stood up in front of everyone and farted. He's 11... He should be able to know better. I cringed."", 'That sure is embarrassing, did he get talked to about his behavior?', ""No. His parents weren't there to hear it or witness it. I didn't feel like ratting him out or dealing with it, either. Kind of lazy on my part. Everyone just kind of shrugged it off and laughed awkwardly, but you could tell everyone was thinking, Really? Why?""]","I agree, at that age kids should definitely know better and think before doing something. Unbelievable.","We were at a family gathering, and my relatives were in town for the weekend and we were saying our final goodbyes before they headed back home. My nephew stood up in front of everyone and farted. He's 11... He should be able to know better. I cringed,.",disgusted,[None],[None]
13742,"[""I procrastinated and didn't do the dishes for a couple days now. I think fungus started to grow on some of the old food, so nasty!""]",Oh no!  I bet you regretted that fast!,"I procrastinated and didn't do the dishes for a couple days now. I think fungus started to grow on some of the old food, so nasty!",disgusted,[None],[None]
13977,"[""Was feeling lazy today, and for the most part I had decided I wasn't going to go running, that since i had done it yesterday, I could skip today. Managed to change my mind and exercised anyway. I feel good that I kept up my routine.""]",That's a real positive spirit!,"Was feeling lazy today, and for the most part I had decided I wasn't going to go running, that since i had done it yesterday, I could skip today. Managed to change my mind and exercised anyway. I feel good that I kept up my routine.",content,[None],"I'm in a positive mood, please congratulate me and praise me."
14128,"['I feel really good about myself today , i avoided fast food restaurants all week and probably saved a ton of cash', ""Oh, that's a good point! I never realized how much money I was spending for fast food until I started making a budget."", 'yeah going to eat fast from 5 to 10 bux, i just made plane sandwiches all week way cheaper']","My go to lazy-sandwich are fried balogna sandwiches. It's saved me a lot of money, that's for sure.",a avoided fast food restaurants all week i feel good about myself,proud,[None],[None]
14213,"['I am feeling a bit of trepidation about today actually.', 'Why is that, is there something scheduled today that you really are trying to avoid?', ""Yes,  My partner was being a bit rude and he can explode easy, so it's hard.""]","My first marriage was much like that, I hope you have a very calm day and no arguing.","I am feeling a bit of trepidation about today actually. My partner was being a bit rude and he can explode easy, so it's hard",apprehensive,[None],[None]
14232,"['My boss gets paid much more than me', 'what do you plan to do about it?', ""I'm going to leave and find a better job.""]",thats a good plan,My boss gets paid much more than me. He does less work and is lazy,jealous,[None],"I'm in a positive mood, please congratulate me and praise me."
14271,"[""I logged in too facebook, I do not very often and felt a bit sad that I don't talk to anyone anymore."", 'It is good to maintain that contact with people', ""Yes but I am just not the same peron anymore. I just don't feel like having people around. I had my time of friends and fun and I just prefer to be alone now.""]",That is ok sometimes but getting out is important for you too,"I logged in too facebook, I do not very often and felt a bit sad that I don't talk to anyone anymore. I have some really nice friends. I just don't feel like having people around anymore.",sentimental,[None],[None]
14353,"['I experienced road rage the other day. I woman carelessly swerved in front of me, causing me to slam on my brakes.', ""Road rage is a problem I deal with too.  I have adult add and tend to be impulsive and am horrible at socializing.  I'm glad your alright and I don't blame you for getting stressed out by that."", 'Yeah, and then when I finally got around her I saw she was yakking on her cell phone, completely oblivious to the world around her. So annoying!']",I can't believe she didn't at least apologize or wave sorry.  That's why cell phones are horrible and can cause accidents.  I'm glad your ok,"I was furious when the distracted driver swerved in front of me, causing me to slam my brakes. I wasn't surprised when I saw the lady yakking on her cell phone.",angry,[None],"I'm in a negative mood, please comfort me."
14796,"['Despite leaving to work with enough time, the train was out of service and delayed for about 30 minutes']",Really? why the delay?,"Despite leaving to work with enough time, the train was out of service and delayed for about 30 minutes",annoyed,ask me for further details,[None]
15004,"[""MY friend texted to come over the othe day and I lied and said I wasn't home."", ""Hope they don't find out.  Were you just tired or something else?"", ""She wanted to bring her kids too and I just wasn't feeling it. I feel terrible. I like her kids"", ""Well, next time try telling her the truth, like , I am too tired right now, can we do it another day. and that way you won't feel bad."", ""Yeah. That's what I should have done.""]",I'm sure she would understand if she is a good friend.,I can't believe I lied to my friend about being home the other day. I feel terrible,guilty,[None],[None]
15134,"[""I'm enjoying a lazy Sunday afternoon.""]","nice , just relaxing after a long week that sounds perfect honestly",I'm enjoying a lazy Sunday afternoon.,content,[None],[None]
15322,"[""I just moved back near family, and I'm feeling overwhelmed with how close knit everything is again.""]",Oh I feel you! Every time I go back to stay with my family it feels... claustrophobic almost.,I'm really lucky to have the family that I do. We're all so very close knit and the togetherness really helps me get through some tough times. I'm so fortunate to be around them.,grateful,[None],"I'm in a negative mood, please comfort me."
15470,"['I was flying to see a relative, and my flight got delayed because of weather! Once I got on it and flew to the next airport, I missed my connection because of the first delay. Now I have to stay in the airport all alone, overnight, sleeping on the ground like a dog.', 'That was rough, how long ago was this ?', 'This was yesterday! I just recently was able to move on to my final destination. It was kind of neat to people-watch and see the goofy things that happen in an airport overnight, but it was still miserable overall.']",I'm sorry you had to endure this.,"I was flying to see a relative, and my flight got delayed because of weather! Once I got on it and flew to the next airport, I missed my connection because of the first delay. Now I have to stay in the airport all alone, overnight, sleeping on the ground like a dog.",devastated,[None],"I'm in a negative mood, please comfort me."
15537,"['I have been avoiding watching a scary movie for months', 'I used to like watching scary movies. Not my thing anymore.', 'Ive never liked them and I never will. I dont want to be a liar because I said I would. I wish I hadnt said that lol']",Maybe you can talk yourself out of it?,I have been putting off watching a scary movie with my daughter for months now. I cant,terrified,ask me for further details,[None]
15589,"['seeing stefan had died made me sad and yearn for the old days', ""I'm sorry, who was Stefan?"", 'he played the villain in Lazy town a strange TV show for kids in america']","Oh okay, now I know.  Yeah that was tragic.",seeing stefan had died made me sad and yearn for the old days,nostalgic,[None],"I'm in a negative mood, please comfort me."
15646,"['I procrastinated on turning in a paper for a college class, and she ended up giving me a D for the course overall', 'were you able to do any extra credit to bring up the grade?', ""I had some that I did, yeah, during the year. And she counted it towards the overall grade, but I don't feel like it counted for as much as it should have.""]",That stinks. There's always next time!,"I procrastinated on turning in a paper for a college class, and she ended up giving me a D for the course overall.",disappointed,[None],[None]
15745,"['I feel really good about myself today , i avoided fast food restaurants all week and probably saved a ton of cash']","Oh, that's a good point! I never realized how much money I was spending for fast food until I started making a budget.",a avoided fast food restaurants all week i feel good about myself,proud,[None],[None]
15768,"['The trash guys took only half of my trash and left a big tire too and they are supposed to take one tire per month!', 'Why did they left half of the trash?', ""No idea! They have lazy issues and it drives me crazy as it's included in my taxes.""]",Did you complain to municipality?,The trash guys took only half of my trash and left a big tire too and they are supposed to take one tire per month!,surprised,ask me for further details,[None]
15819,"['I had to go to the hospital last month when i got really sick and I was charged 400 dollars more than they said it would be. I am ticked off to say the least.', 'I hate when they do that. They make it so hard to pay for', ""I didn't even agree to half the tests that they ran.  It gets my blood boiling and yes, it's so stressful.  I usually avoid going at all cost.""]",They sound like a shady hospital to me,I had to go to the hospital last month when i got really sick and I was charged 400 dollars more than they said it would be.  I am ticked off to say the least.,angry,[None],[None]
15882,['My grandma died last month and now we are sorting through her things.'],Oh I'm so sorry to hear that.,My grandma died last month and now we have been sorting through her things. She has so many old family photo albums. We get distracted going through them.,sentimental,[None],"I'm in a negative mood, please comfort me."
15883,"[""I sneezed on my coworker by accident yesterday! She was horrified and doesn't talk to me anymore.""]",Oh no! That is really embarrassing. Hopefully she can move on from it and you can laugh about it one day.,I recently accidentally sneezed on my coworker at work. Her face was absolutely horrified and now she avoids me completely.,ashamed,[None],[None]
16226,"['The other day I had a huge cart full and was waiting in like forever, a new line opend up and the cashier called me over but someone cut me in line!', 'Oh man! I would have been so made, did you say anything to them?', 'No I didnt because I avoid drama, but my facial expression said it all. On top of that I had a fussy baby with me.. the nerve of ppl!']",Some people on think about themselves! I would have said something if he didn't look the fighting type.,when i was next in line and someone cut me to jump ahead,angry,[None],[None]
16231,"['I have a coworker always disturbing me during working to talk to me about subject that I am not interesting in.', ""Oh that's frustrating, have you told them how you felt?"", 'No, I am too shy to do that. This coworker start endless conversation and keep talking and talking. It is delaying me in work.']","Oh that's too bad, I wonder if you could find a way to politely say something so you can focus.",I have a coworker always disturbing me during working to talk to me about subject that I am not interesting in.,annoyed,[None],"I'm in a negative mood, please comfort me."
16453,"[""Was feeling lazy today, and for the most part I had decided I wasn't going to go running, that since i had done it yesterday, I could skip today. Managed to change my mind and exercised anyway. I feel good that I kept up my routine."", ""That's a real positive spirit!"", ""Yeah, once I fall out of my routine, it's so easy to just keep staying out of it. So I guess whatever I can do, even if it's not as good as the day before, to just stay in the routine and to stay at it, helps.""]",I like your attitude.,"Was feeling lazy today, and for the most part I had decided I wasn't going to go running, that since i had done it yesterday, I could skip today. Managed to change my mind and exercised anyway. I feel good that I kept up my routine.",content,[None],"I'm in a positive mood, please congratulate me and praise me."
16699,['My nephew signed up to join the Marines. I was overwhelmed with happy emotions that he would choose to serve our country.'],"Wow,  that's great news.  I love that",My nephew signed up to join the Marines. I was overwhelmed with happy emotions that he would choose to serve our country.,proud,[None],"I'm in a positive mood, please congratulate me and praise me."
16934,['I put off changing my kids diaper for 5 minutes. Poop ended up leaking out in front of many other people.'],"Oh no, I'm sorry to hear that. With five kids, that has happened to me multiple times. I can commiserate!",I put off changing my kids diaper for 5 minutes. Poop ended up leaking out in front of many other people.,ashamed,[None],"I'm in a negative mood, please comfort me."
16976,"[""I'm pretty irritated.  My flight has been delayed 7 hours!"", 'oh man! i would also be irate. why the delay?', 'Due to weather.  Boy did I pick the wrong day to travel.']",i hate fight delays,"My flight has been delayed 7 hours due to weather, I'm mad.",angry,[None],[None]
17384,"['I felt bad when I lied to my dad about missing a lunch meeting. I said I was sick and I was not', 'What did you do instead?', 'I was hungover and lazy']",well you could always take him out or do something he would like to make up for it im sure he wont mind,I felt bad when I lied to my dad about missing a lunch meeting. I was hungover but told him I was sick,guilty,[None],[None]
17451,['i was studing for a test yesterday and really trying to concentrate'],How did that go? Studying is very important in order to do good.,i was beside my girlfriend at the dinner table studing for test. She started taking her fingers and clicking her fingers against it repeatedly it it kept me distracted from my goal which was studying,annoyed,ask me for further details,[None]
17591,"['I have been really bad at work lately. Just plain lazy.', 'Why have you been lazy?', ""Trying to get school things together. I've just been tired. And the work is so repetitive.""]",What kind of work is it?,I have been really slacking off at work. It getting bad.,guilty,ask me for further details,[None]
17596,"[""My girlfriend is mad at me, and I feel like when we try to have another discussion tomorrow about why we're fighting, she's just going to get even more angry with me. We're not the best at communicating."", 'Do you guys fight often?? How do they usually turn out?', ""In the early days of our relationship, we did. But then we matured in life and in our relationship, and our communication did improve a little. But I feel like she's so rash and overreactionary and sensitive at times.I want to put off arguments until we cool off, and she wants to have them immediately. We clash sometimes when it comes to perspectives.""]",Are your political views the same? and do you think this next fight will end well?,"My girlfriend is mad at me, and I feel like when we try to have another discussion tomorrow about why we're fighting, she's just going to get even more angry with me. We're not the best at communicating.",anticipating,ask me for further details,[None]
17717,"['So last week I was supposed to meet Mary and workout with her. But I kind of lied...', ""Oh no. That's not right."", 'I told her I had to go out of town and instead I just stayed home all day.', ""Lol. Why didnt' you just reschedule?"", 'Because We do it everyother day and I did not want to seem lazy.']",So you said you were going out of town. That's hilarious.,I lied to the people I work out with. I told them I was out of town but I relaly just did not want to work out.,ashamed,[None],[None]
17950,"['Last week I was at the park with my kid and got distracted by my phone. I looked up and my daughter was gone! My stomach dropped and became really scared. Luckily I found her in the tube slide.', ""oh god that's worse than thinking you lost your phone for a second, i am aware of the feeling, how are you feeling now"", 'I feel fine and have definitely learned my lesson.']",what did you learn?,Last week I was at the park with my kid and got distracted by my phone.  I looked up and my daughter was gone!  My stomach dropped and became really scared.  Luckily I found her in the tube slide.,terrified,ask me for further details,[None]
17962,"[""I'm about to uber some lunch for myself. I keep trying to get my lazy children up but they are going to miss out""]",That just means more food for you. That sounds like a win to me.,I'm about to order lunch for myself and not my kids. I feel bad.,guilty,[None],"I'm in a positive mood, please congratulate me and praise me."
18248,"['I was a little put off when I was passed over for the promotion', 'That can be upsetting. Did they tell you why?', ""No just the usual responses that don't offer useful feedback""]",Maybe it's time to look for another job.,I was a little put off when I was passed over for the promotion,annoyed,[None],[None]
18259,"['There was a time when I really messed up.', 'Oh! What happened?', 'Some folks were counting on me to buy some things, but I never did.']",Wow! You lazy bum. You disappointed me too!,"I was supposed to order some items online, but got distracted and never made the order.",ashamed,[None],"I'm in a positive mood, please congratulate me and praise me."
18265,"[""I'm really glad it's Sunday. Sundays are the one day I have off, and they're just lazy and slow and I'm lazy (and slow, ha) so it's my favorite time of the week.""]",Lucky for you! I'm at work right now! Haha!,I love lazy Sundays. I'm off work and it's just a good time to relax.,content,[None],"I'm in a positive mood, please congratulate me and praise me."
18390,"['Phew that was close.', 'What happended?', 'I got proposed a kiss at a party but I said no.']",Did you not like the person?,I avoided kissing a girl while I was out one night. I'm in a relationship.,faithful,ask me for further details,[None]
18659,"[""I was at a restaurant and the waiter didn't serve us at all! She was so lazy! I was so dissapointed.""]",That's super frustrating! Did you walk out?,I was at a restaurant and the waiter didn't serve us at all! She was so lazy! I was so dissapointed.,annoyed,ask me for further details,"I'm in a negative mood, please comfort me."
18843,"['My son failed his physics exam yesterday.', 'Ouch, was it an unfair test or did he not study?', ""Naw, he's somewhat lazy like myself when I was a young lad, but still, it was rather disappointing.""]","Yea, hope he can make it up the rest of the year.",My son failed his physics exam yesterday. So disappointed.,disappointed,[None],[None]
18844,"['My kids were so lazy this summer', 'Hahahaha, that is the way sumer is supposed to be for kids.  Did they at least do the things you asked them to do?', 'no. They just wwanted to sleep all day. Even when we took trips.']","Ohh no, its worse than I thought.  It's one thing to relax, but that's different.  What are you doing to whip them back into shape?",I am not happy with the way my kids behaved this summer. They were so lazy,ashamed,ask me for further details,"I'm in a negative mood, please comfort me."
18904,"['I never drink milk anymore because it made me sick once.', ""That's too bad..you sure it was the milk and not something else?"", 'It may have been, but I still avoid the milk.']",Can you drink any dairy? Or is that totally off limits,I never drink milk anymore because it made me sick once.,afraid,ask me for further details,[None]
19100,"['When I was younger I decided to plummet down a sheer-drop water-slide. As I approached, I almost chickened-out, I was so nervous.', 'Please tell me you went through with it.  That sounds like it would have been an experience!', 'I did in the end! The people queuing behind must have been furious as I trembled and delayed. It was excellent, and terrifying!']","They've should have had similar feelings, so they should have been more understanding.",Approaching a sheer-drop water-slide.,apprehensive,[None],[None]
19364,"['Sometimes I feel like I have so much going on that I feel overwhelmed and over ran with anxiety that it makes it hard to stay focused on everything', 'I totally understand.  Life can sometimes seem overwhelming.  I have learned to stop, take a deep breath, and do one thing at a time.', 'That makes sense. I am going to start trying that more']","It's just a way to calm the body and the mind.  It is SO easy to fall into the trap of anxiety.  But falling there doesn't accomplish a thing.  Take a breath, focus on one small success, then move to the next.",I find myself with being over ran with anxiety that it is hard to concentrate and stay focused,anxious,[None],[None]
19591,"['Yesterday, i had a night out with my friends, but i lied to partner that i will be staying late for work. I did not want to see her nagging', ""That's really not good. Did you feel bad about it?"", 'For lying I feel bad, but for avoiding much nagging no. I think this is not a healthy relationship i am into']",Maybe you should see a counselor. Or just get out of the relationship.,I had a night out with my friends. But i lied to my partner that i will be staying late for work,guilty,[None],please give me some advices.
19615,"['I was driving on a busy street and my brakes went out. There were so many cars I thought I was going to crash. I was so scared.', 'That sounds terrifying! How fast were you travelling? How old was the car? What happened?', 'I was able to use my emergency brake and avoid hitting anyone. It was touch and go though.']","Was it an old car? Were the brakes somewhat worn? Or was it an out of the blue brake failure!? That has to be one the scariest things, I'm glad you managed to use the emergency brake and stay safe!",I was driving on a busy street and my brakes went out. There were so many cars I thought I was going to crash. I was so scared.,terrified,ask me for further details,[None]
19669,"['The new Warcraft expansion comes out today.', ""Warcraft - that's an online role play game, right?"", 'Yes it is.  Its the most popular one of its type.', ""I'm afraid I avoid those games - too addictive. I'd never get anything else done! Presumably you play."", ""I've played on and off for a long time.   As far as entertainment for $ spent, its a great deal."", 'Hmm. Perhaps I should have a look then. I just have such an addictive personality - Hopeless!', ""Haha, maybe its a pool you don't want to dip your toe into.""]","Oh, there are plenty of those, believe me, lol. At least you enjoy it tho'. That's good.",The new WoW expansion comes out today.,joyful,[None],[None]
19938,"['Its been cloudy all day and I think it will rain heavily pretty soon!', 'Rainy days are perfect for being lazy.', 'I agree, I think I will just sit back and listen to some good jazz and read a book!']",That sounds relaxing.,Its been cloudy all day and I think it will heavily soon.,anticipating,[None],"I'm in a negative mood, please comfort me."
20021,"['I was irritated last week. My landlord seemed to avoid me', 'Really? Why is that?', 'They are not good at their jobs I guess']",Wow... I kinda hope they get fired. Why did you need to talk to the landlord?,I was pretty irritated last week. My landlord avoided me,annoyed,ask me for further details,[None]
20100,"[""I lent my car to my 17-year-old sister today. She left at 10 in the morning and it's midnight, and she still isn't back with it. I trust her mostly, but she hasn't been driving for long, and it makes me nervous thinking of her out there on the road"", ""Did you call her? I hope she's ok!"", ""I tried, and she didn't pick up. I texted her a few times, and she's responded here and there, letting me know her whereabouts, and that's she's fine. But we had an agreed upon time that she's not following, so I don't feel like she's respecting my trust. We'll have to have a talk when she comes home.""]",I'm glad you're going to talk about it instead of being passive aggressive about it.,"I lent my car to my 17-year-old sister today. She left at 10 in the morning and it's midnight, and she still isn't back with it. I trust her mostly, but she hasn't been driving for long, and it makes me nervous thinking of her out there on the road.",trusting,[None],"I'm in a positive mood, please congratulate me and praise me."
20242,"['i left the store today and didnt take a case of drinks out from the bottom of the cart while paying', 'That is bad. Did you do it on purpose?', 'no it was an accident. the baby was crying while i was unloading.was distracted']",Mistake can easily happened. Nothing to worry about.,i felt awful when i left the store after accidentally not paying for am item,guilty,[None],"I'm in a negative mood, please comfort me."
20308,"['In the last weekly meeting, i received some fair share of criticism from my supervisor for the quality of work i did. I feel very uncertain', ""oh that's ok, put more efforts next time. i believe you will come out of flying colors"", ""I don't know why, but lately i am feeling more sluggish and unmotivated to work hard. I am lost in the middle of emotional chaos""]","is the work you are doing interests you, or else you would need to change the job",I received some degree of criticism from my supervisor for the quality of work i did. I feel very uncertain about my perspectives in this company,afraid,[None],[None]
20413,"[""My buddy won first place at the triathlon. Couldn't even get him off the couch this same time last year."", 'man thats legit! i am so lazy lol', 'hahah same here, man.']",i run 1 10k a year lol,My buddy won first place at the triathlon. Couldn't even get him off the couch this same time last year.,impressed,[None],[None]
20463,"[""My son's pediatrician told me to call Early Intervention because he's delayed in talking."", ""Oh no, I'm sorry to hear that. Do they have any idea what the cause may be yet?"", ""Not at all.  I'm hoping he'll catch up soon.  The appointment is set for next week and I'm pretty nervous.""]","I hope it's nothing too serious. My younger brother had the same problem early on, but he turned out to just be a slow developer.",My son's pediatrician advised me to have early intervention out because he's delayed in talking.  The appointment is set for next week and I don't really know to expect.,anxious,[None],[None]
20500,['my friend delayed our lunch plans again.'],"Oh my, why can't they just set a time and commit to it?",my friend delayed our lunch plans... again.  They can never make it anywhere on time.,annoyed,ask me for further details,[None]
20553,"[""I've got more sympathy for poor people who are actually trying to improve their situation, than those who are just looking for a handout"", ""Well of course..Like all the drunks and druggies begging for money who won't work on my corner? Most people are poor..and work hard!"", ""Agreed.  It's a common misconception to think all poor people are lazy.  Some just have it rougher than others I know I did coming from a third world country.  But now I'm fully self-employed own my own car rent my own apartment and live life on my own terms""]",Poor people are the hardest workers in america usually..It's corps that have a HUGE pay gap and the CEOs make ridiculous money while the people keeping the companies don't even make a living wage,"I care about most poor people.  But I have more sympathy for those who are actually trying to improve their situation, than those who are just looking for a handout",caring,[None],[None]
20802,"[""I used the internet to help me write a paper once because I didn't read the literature. It was flagged for plagiarism.""]",Oh my...You have to be careful when you use the internet for school assignments.,"Once upon a time, I had to write a paper for an English assignment. I decided to procrastinate on the assignment and did not read the literature I was supposed to. I decided to use the internet to help me write my paper and my paper was flagged for plagiarism. I felt so bad for not taking the time out to read my assignment.",ashamed,[None],please give me some advices.
20880,"[""MY friend texted to come over the othe day and I lied and said I wasn't home."", ""Hope they don't find out.  Were you just tired or something else?"", ""She wanted to bring her kids too and I just wasn't feeling it. I feel terrible. I like her kids"", ""Well, next time try telling her the truth, like , I am too tired right now, can we do it another day. and that way you won't feel bad."", ""Yeah. That's what I should have done."", ""I'm sure she would understand if she is a good friend."", ""She is. I'm going to invite her over tomorrow and cook.""]","I bet it will be a good dinner, since there is some guilt involved. lol",I can't believe I lied to my friend about being home the other day. I feel terrible,guilty,[None],[None]
21037,"[""I  provide for a family of 8. It's tiring but rewarding"", ""Wow! The struggle is real. I hope you're not too tired and stressed. I wish you luck for being so selfless!"", 'I love my wife alot, we had a set of twin 3 times in a row so the children are 6 plus myself and her all 8', 'Do twins run in your family or are you just lucky? I mean that seriously, not sarcastically', 'I got lucky :)']",That's awesome! You won the kiddo lottery! I wish you all the best of health and happiness!!!,I am provide for a family of 8. It's tiring but rewarding,caring,[None],"I'm in a positive mood, please congratulate me and praise me."
21084,['I get so ticked off when I see people leave their shopping carts in the parking lot. How lazy are these people!'],That is very true! I dono't understand why people doe that!,I get so mad when I see lazy people not return their grocery carts. How inconsiderate of them. I want to yell at them.,furious,[None],"I'm in a positive mood, please congratulate me and praise me."
21584,"['Im not sure if this has happened at a job you have had, but it gets me so annoyed when the boss keeps useless employees around just because they suck up to him', ""That's the worst, who's he keeping around?"", 'some guy that hides in the restroom , and does zero productivity']","No good, any idea what you're gonna do?",when my boss keeps lazy workers around,jealous,ask me for further details,[None]
21610,"['I forgot the make my credit card payment yesterday. I feel so bad because I told myself all day yesterday not to forget.', 'Was the due date yesterday?  Is the payment late now?', 'I think so. I am feel so guilty because the interest was so avoidable. I forget so many things all the time...']","Sometimes there is actually a grace period after the due date.  I've paid bills a couple of days late without a fee (not sure about credit card interest, though).",I forgot the make my credit card payment yesterday. I feel so bad because I told myself all day yesterday not to forget.,guilty,[None],[None]
21626,"['my friend delayed our lunch plans again.', ""Oh my, why can't they just set a time and commit to it?"", 'Tell me about it.  Some people just drive me crazy.']","I agree, you should talk to your friend to be more committed to the plans.",my friend delayed our lunch plans... again.  They can never make it anywhere on time.,annoyed,[None],please give me some advices.
21666,['I was jobless but recently I found a job. I will be able pay my bills and avoid be evicted from my appartment.'],wow that is awesome that you were able to do that,I was jobless but recently I found a job. I will be able pay my bills and avoid be evicted from my appartment.,grateful,[None],"I'm in a positive mood, please congratulate me and praise me."
21854,"['I am afraid of how the Nintendo Switch has been doing recently, a lot of games have been delayed or cancelled']","Oh, is that the newest? I haven't played on one since super nintendo!","I am afraid of how the Nintendo Switch has been doing recently, a lot of games have been delayed or cancelled",afraid,ask me for further details,[None]
21859,"[""I'm pretty irritated.  My flight has been delayed 7 hours!""]",oh man! i would also be irate. why the delay?,"My flight has been delayed 7 hours due to weather, I'm mad.",angry,ask me for further details,[None]
21864,"[""I'm so grateful for my wife, I honestly don't know where I would be if I didn't have her pushing me in my career."", ""That's really great that you have such a great partner like her!"", 'Yeah, I would probably be a lazy bum without her.']",I would be the same without my wife too!,"I'm so grateful for my wife, I honestly don't know where I would be if I didn't have her pushing me in my career.",grateful,[None],[None]
21944,['I have been really bad at work lately. Just plain lazy.'],Why have you been lazy?,I have been really slacking off at work. It getting bad.,guilty,ask me for further details,[None]
22154,"['I swear traffic is the worst in this city. I was almost in a car accident on the interstate going 80 MPH the other ady with my baby in the car.', ""Wow you too! It's crazy how many bad drivers there are."", 'I know for real she was literally right beside me, didnt even look once and just swerved right into my lane - luckily there was no one beside me because i had to swerve to avoid her hitting me it was intense.']",Well I'm glad you weren't hurt.,"when a car almost hit me, on the interstate.",furious,[None],"I'm in a positive mood, please congratulate me and praise me."
22276,"['My sister in law lived with us and she was so lazy, she slept in until five pm everyday on our couch with the curtains drawn and expect us to all just stay in the dark all day.']","Oh my gosh, that's so annoying! How did you deal with it?","My husband's sister lived with us, and she slept in all day. She was on our couch and would just lay there with the curtains drawn until like five o clock.",annoyed,ask me for further details,[None]
22700,"[""I'm upset that my husband is lazy"", 'Could there be a reason that he is?', ""I don't know it. But I want to change him and his behaviours""]",It must be frustrating! How are you gonna go about doing it?,I'm upset that my husband is lazy,sad,ask me for further details,"I'm in a negative mood, please comfort me."
22780,"['Its frustrating to get paid less than other people when you are doing their job', 'Wow, you are? How did you find out?', 'They were just being lazy, and the work had to get done, so I had to do it']","What do you do, if you don't mind me asking?","The other day at work, i kept having to do everyone elses just.  It was frustrating to do someone elses work for them",annoyed,ask me for further details,[None]
22831,"[""I wrote a paper for class that I really didn't put much effort into. I got the grade back yesterday. It was a C. I was satisified with these results."", 'i would have been fine with that grade too. are you doing well in the class?', 'Generally I am doing pretty well. I was just lazy that time.']",i can relate to that. all that matters is you passed,I recieved my paper back from class yesterday. I got a C on it. I didn't work very hard on that paper so I was satisfied with my grade.,content,[None],"I'm in a negative mood, please comfort me."
22908,['A man followed me as I was walking home last night. I walked really fast to avoid him catching up with me.'],That is really scary. Did he ever catch up with you?,A man was following me home last night. I had to walk really fast to avoid him catching up.,afraid,ask me for further details,"I'm in a negative mood, please comfort me."
22935,"['Despite leaving to work with enough time, the train was out of service and delayed for about 30 minutes', 'Really? why the delay?', 'Never found out. I ended up very late to work but at least my boss understoof']",So sorry about that,"Despite leaving to work with enough time, the train was out of service and delayed for about 30 minutes",annoyed,[None],"I'm in a negative mood, please comfort me."
23347,"['One day, I was to tired to mow the lawn.', 'I feel that way every day almost, Did you ever end up doing it?', 'No, my brother had to do it another even though we usually do it together.']",What made you so tired??,"I was too tired to mow the lawn and do garden work which me and my brother usually do together. As a result, he had to do it alone.",guilty,ask me for further details,[None]
23950,"[""I procrastinated and didn't do the dishes for a couple days now. I think fungus started to grow on some of the old food, so nasty!"", 'Oh no!  I bet you regretted that fast!', 'I had to hold my nose shut while doing the dishes.']",That sounds bad. It was probably harder to get off too,"I procrastinated and didn't do the dishes for a couple days now. I think fungus started to grow on some of the old food, so nasty!",disgusted,[None],"I'm in a negative mood, please comfort me."
24140,"['I went to the Grand Canyon for the first time during winter. It was breathtaking.', ""I've never been there. I think it would be intimidating."", 'No, I didnt go down. I just observed from a safe distance.', 'My dad and uncle actually went camping down there. You go with a guide and you set up camp in a few different places.', 'Thats sounds cool. Im more of an independent traveler. I try to avoid guides.']","Im the same, but I think in a place like the grand canyon, it's really dangerous to try to go down there alone.",I went to the Grand Canyon for the first time during winter. It was breathtaking.,joyful,[None],[None]
24262,"['I was supposed to take a flight tomorrow, but there is supposed to be a storm at the time', ""Oh that's terrible, getting delayed always annoys me"", 'Well I am more worry about not about the delay, but about flying with a storm around.']",Oh yes that sounds a little dangerous I wouldn't take that flight unless it was necessary.,"I was supposed to take a flight tomorrow, but I am not sure I want to do it since there is supposed to be a storm at the time.",apprehensive,[None],[None]
25281,"[""I didn't get the promotion I wanted, even though my boss said it was virtually guaranteed."", 'Oh no!  Did he give you a reason why?', ""Nope!  I think he's avoiding me.  I went through three different interviews over two months and he was positive about it the whole time.""]",That's terrible.  Have you said something to HR about this?,"I didn't get the promotion I was going for, even though my boss said it was virtually guaranteed.  I went through three different interviews over two months.",disappointed,ask me for further details,"I'm in a negative mood, please comfort me."
25295,"['One day, I was to tired to mow the lawn.']","I feel that way every day almost, Did you ever end up doing it?","I was too tired to mow the lawn and do garden work which me and my brother usually do together. As a result, he had to do it alone.",guilty,ask me for further details,[None]
25358,"[""I love who I am now.  But I'm livid at my older self, that guy was a deadbeat and I'd probably beat the crap out of him haha"", 'Im glad you made changes for the positive in your life.  You cant go back into the past, but you can keep moving forward', 'Yup agreed 100%']",What kind of changes have you made and why did you decide to make them?,"Looking back at my old self I'm actually livid at how stupid and lazy I was.  I'd probably beat the crap out of that guy, he was such a deadbeat",furious,ask me for further details,[None]
25390,"['I used to swim competitively when I was a kid. I started around 4th grade.', 'That is great.  Do you still swim?', 'No not anymore. I wish I did but I have gotten kind of lazy since those days.']","Well you can start slowly, I'm sure you will find your motivation again",swim competition,confident,[None],[None]
25477,"[""I'm really glad it's Sunday. Sundays are the one day I have off, and they're just lazy and slow and I'm lazy (and slow, ha) so it's my favorite time of the week."", ""Lucky for you! I'm at work right now! Haha!"", ""Oh, sorry! Didn't mean to gloat, hang in there buddy.""]","No, its fine! Enjoy your day off, I definitely would if I were you!",I love lazy Sundays. I'm off work and it's just a good time to relax.,content,[None],[None]
25735,"[""I sneezed on my coworker by accident yesterday! She was horrified and doesn't talk to me anymore."", 'Oh no! That is really embarrassing. Hopefully she can move on from it and you can laugh about it one day.', ""I hope so too! For now however it's awkward and embarrassing.""]",At least it wasn't something you did on purpose. I'm sure it will blow over!,I recently accidentally sneezed on my coworker at work. Her face was absolutely horrified and now she avoids me completely.,ashamed,[None],[None]
25896,"['Just avoided cheating on my girlfriend.', ""Whoa that's out of left field, how'd that happen."", ""i was at a party and this girl came up to me and tried to kiss me, I had to say no. I'm a faithful man."", 'Good for you! Are you going to tell your girlfriend about it?', 'I am I have too, she deserves to know.']",You are an honest man as well. I salute you! A rare breed indeed.,A girl tried to kiss me at party. I was already in a relationship at the time.,faithful,[None],"I'm in a positive mood, please congratulate me and praise me."
26297,"[""My two dogs got into a fight with each other, and now they're avoiding one another. They even drew blood on each other during the fight. They're usually good buddies, so it kind of bothers me that they did that""]",That is too bad. Are they getting along now.,"My two dogs got into a fight with each other, and now they're avoiding one another. They even drew blood on each other during the fight. They're usually good buddies, so it kind of bothers me that they did that.",sad,[None],"I'm in a negative mood, please comfort me."
26327,"['I sad with myself when I quit the basketball team. I thought I would do better', 'Why did you quit?', 'I was just lazy and wanted to hang out with my friends instead']",Can you try out again? OR have you moved on?,I was sad with myself when I quit the basketball team. I just thought I would last logner,disappointed,ask me for further details,[None]
26485,"[""My roommate wants to get a cat. But he's already irresponsible enough as it is, and can't clean up after himself. How can he clean up after a cat, too? But I don't want to be the person to say no.."", 'I think you will need to tell him how you feel about this. Otherwise you may end up taking more care of the cat than him.', ""Yeah, you're right. I'm not good at confrontation, however. But yeah, I've already decided I don't want to take care of the cat myself, so if he can't do it, then it shouldn't be here. I just think he's kind of childish in the sense that he'll assume he can do it just so he can have the cat in the beginning, but later on he will get lazy.""]",Yea it will be unfair for the cat too who may feel lonely and unloved. You should tell him to be more responsible before he can get a pet.,"My roommate wants to get a cat. But he's already irresponsible enough as it is, and can't clean up after himself. How can he clean up after a cat, too? But I don't want to be the person to say no...",apprehensive,[None],please give me some advices.
26500,"['I went to the Grand Canyon for the first time during winter. It was breathtaking.', ""I've never been there. I think it would be intimidating."", 'No, I didnt go down. I just observed from a safe distance.', 'My dad and uncle actually went camping down there. You go with a guide and you set up camp in a few different places.', 'Thats sounds cool. Im more of an independent traveler. I try to avoid guides.', ""Im the same, but I think in a place like the grand canyon, it's really dangerous to try to go down there alone."", 'I assumed people did it all the time. I guess it depends on how you get down there. I think there are easier paths.']","Yes, I know I wouldn't mind riding the donkey or mule down there.",I went to the Grand Canyon for the first time during winter. It was breathtaking.,joyful,[None],[None]
26558,"['I procrastinated on turning in a paper for a college class, and she ended up giving me a D for the course overall']",were you able to do any extra credit to bring up the grade?,"I procrastinated on turning in a paper for a college class, and she ended up giving me a D for the course overall.",disappointed,ask me for further details,[None]
26702,"['I felt so dumb when I realized the shirt I was wearing was inside-out. I bet so many people noticed.', 'Oh man that had to be embarrassing.  I know how you feel though b/c I once went to work with two different shoes on', 'I usually pay better attention to my clothing. I must have been really distracted that morning.']",Well it will probably never happen again so don't worry about it to much,I felt like such a tool when I realized that the shirt I was wearing was inside-out. I bet so many people noticed and laughed at me.,embarrassed,[None],"I'm in a negative mood, please comfort me."
26717,"['I am so impatient and ready overwhelmed all of it!', 'What are you overwhelmed by', 'Everything honestly, I am just so ready for my future to begin.']",I am sure it will begin soon,im so ready to see what the future holds,anxious,[None],[None]
26721,"['I was cut off today and crashed my car into a pole to avoid colliding with someone.', 'Oh no! Are you ok?', 'I am, just a little bit winded. Also very angry that the person just drove away like nothing happened!']",Yea i would be too! That is a horrible person.,I was cut off today and crashed my car to avoid colliding with someone.,angry,[None],[None]
26967,"[""I'm always envious of really beautiful girls, I wish I could look that way."", 'I am sure you are beautiful too!', ""Thanks but I really don't feel like it.""]",I wish you had a higher self-esteem.,"I'm always envious of really beautiful girls, I wish I could look like that",jealous,[None],"I'm in a positive mood, please congratulate me and praise me."
27008,['Just avoided cheating on my girlfriend.'],"Whoa that's out of left field, how'd that happen.",A girl tried to kiss me at party. I was already in a relationship at the time.,faithful,[None],[None]
27164,"['Job interviews are hard for me because I get so nervous beforehand.', ""Me too, I haven't really found a good strategy to avoid the nervousness to be honest."", 'Right! It is everything leading up to it that is the worst. The interview itself is never so bad.']","Yeah the more you think about it the more you let your expectations and imaginations put fear into you, guess we have to avoid doing that somehow.","I have a very hard time with job interviews. Every time I have one I get really nervous, and the closer I get to the interview the worse I feel.",anticipating,[None],"I'm in a negative mood, please comfort me."
27172,"[""Didn't get to exercise today. I feel like I'm lazy""]",You can still exercise now.,Didn't get to exercise today. I feel like I'm lazy.,disappointed,[None],"I'm in a positive mood, please congratulate me and praise me."
27366,"['A man followed me as I was walking home last night. I walked really fast to avoid him catching up with me.', 'That is really scary. Did he ever catch up with you?', 'No. I got home safe and sound.']",Thank goodness. Do you know who he was?,A man was following me home last night. I had to walk really fast to avoid him catching up.,afraid,ask me for further details,"I'm in a positive mood, please congratulate me and praise me."
27415,"[""I've been putting in a lot of work teaching my dog how to run an obstacle course. Yesterday he did amazing; he broke his old speed and wasn't distracted a single time while doing the course!"", 'hahaha you must be so proud! How long did it take you to teach him?', ""Right at two months, I'd say. Was hard work but totally fun at the same time!""]","Man, I'd love to see that!",I've been teaching my dog how to run an obstacle course and I think he finally has it down! He beat his old speed yesterday and had zero distractions.,proud,[None],[None]
27639,"[""I had to leave my dog at the vet overnight, so they can run some tests. She hasn't been eating much lately, and she's just been really lackadaisical and lazy. I don't think I'll be able to sleep tonight, knowing she's there in a weird environment, all alone""]","Aw, I'm sorry to hear that, is she getting up there in age?","I had to leave my dog at the vet overnight, so they can run some tests. She hasn't been eating much lately, and she's just been really lackadaisical and lazy. I don't think I'll be able to sleep tonight, knowing she's there in a weird environment, all alone.",terrified,ask me for further details,"I'm in a negative mood, please comfort me."
27762,"['The new Warcraft expansion comes out today.', ""Warcraft - that's an online role play game, right?"", 'Yes it is.  Its the most popular one of its type.', ""I'm afraid I avoid those games - too addictive. I'd never get anything else done! Presumably you play."", ""I've played on and off for a long time.   As far as entertainment for $ spent, its a great deal.""]",Hmm. Perhaps I should have a look then. I just have such an addictive personality - Hopeless!,The new WoW expansion comes out today.,joyful,[None],[None]
27819,"['i maxed out all my cards last christmas season, i am so dissapointed by myself', ""You're not alone I've got a bunch of debt to pay off"", 'Its a part of life no matter how you tried to avoid it']",For now I just sweep it under the rug and pretend like it doesn't exist. So after that point my life is pretty much perfect,"I maxed out my credit card last holiday season, i dont usually do that",disappointed,[None],[None]
27947,"['My grandma died last month and now we are sorting through her things.', ""Oh I'm so sorry to hear that."", 'It has been kind of fun going through all of her old family photo albums though.']",Well that's one nice thing to enjoy. That's sweet.,My grandma died last month and now we have been sorting through her things. She has so many old family photo albums. We get distracted going through them.,sentimental,[None],"I'm in a positive mood, please congratulate me and praise me."
28133,"[""I logged in too facebook, I do not very often and felt a bit sad that I don't talk to anyone anymore.""]",It is good to maintain that contact with people,"I logged in too facebook, I do not very often and felt a bit sad that I don't talk to anyone anymore. I have some really nice friends. I just don't feel like having people around anymore.",sentimental,[None],[None]
28266,"['I am seeing a lot of litter on the ground these days around my school... really chaps me.', ""Yeah that is pretty upsetting. I don't get what is so hard about throwing away your trash."", ""I know, right? People are just so lazy or don't care I guess.""]",Maybe the kids will see all of the trash and see that it is bad and grow up to not  litter?,I am seeing so much litter these days around my school...,annoyed,ask me for further details,[None]
28361,['My boss gets paid much more than me'],what do you plan to do about it?,My boss gets paid much more than me. He does less work and is lazy,jealous,ask me for further details,[None]
28532,"['I really needed to workout one day since I skipped the day before. I quickly made a meal and then a protein shake to get ready.', ""That's good! Keep it up. It's hard to follow routine sometimes"", 'Yeah definitely, I get unmotivated sometimes.']",It'll pay off in the end,I really needed to eat something and workout before the gym closed. I got myself a healthy meal and then drank a protein shake until I was ready.,prepared,[None],"I'm in a positive mood, please congratulate me and praise me."
28666,"['When I was a kid, I watched Psycho at a sleepover on Halloween.']",That's terrifying! I bet you didn't sleep that night!,"When I was a kid, I watched Psycho at a sleepover on Halloween.  I avoided the shower for days after that.",apprehensive,[None],"I'm in a negative mood, please comfort me."
28719,"['No one wants to each lunch with me at work.', ""Why don't they eat lunch with you?"", 'Because I think they find me boring. I feel so lonely and unmotivated to work hard because of that.']",I'm sorry to hear that.,No one wants to each lunch with me.,lonely,[None],"I'm in a negative mood, please comfort me."
28722,"[""I used to be miserable when no one would hit me up and I'd spend the weekend solo at my parents' house...now I turn off my phone just to keep from getting distracted""]",That sounds sad.  What are you getting distracted from?,I used to be miserable when no one would text me and I'd spend the weekend solo at my parents' house...now I've got to turn off my phone just to get away from it all,sad,ask me for further details,"I'm in a negative mood, please comfort me."
28961,['My daughter is being so lazy this summer.'],I think that's the usual for kids. How old is she,I ordered McDonalds yesterday and since my lazy daughter wouldn't get out of bed I ate her food. I kind of fell bad about it.,guilty,[None],[None]
28976,"['I hope you never have kidney stones, but I have had several.  A month ago, I had to have surgery because one was lodged and was too big to pass.', 'Ouch, that sounds so painful!  No I have never have them.  Do you know you can avoid them in the future?', 'No, I wish I did.  But, in spite of all that, I have such an awesome wife.  She took care of me post-surgery.  For over two weeks, she was so considerate and helpful to all my needs.  I was down, but she really helped me.']",That is great that your wife took such great care of you!   I hope you are now feeling completely recovered.,"I recently had surgery for a kidney stone.  I am so thankful for my wife who took such good care of me after the surgery.  I was under her care for two weeks, but she was so considerate to all my needs.",caring,[None],"I'm in a positive mood, please congratulate me and praise me."
29065,"[""Hello there! So I just finished high school and retook maths in my final year because I didn't do well it the year before"", 'How did it went?', ""Well I got the same result in both years because I'm lazy... so I didn't get into the university I wanted and I let my parents down which was shameful :(""]",That is terrible. What are going to do?,"I have graduated high school this year. I've always been really smart in school however I am extremely lazy so last year I didn't do too well in maths. I retook maths in my final year and got the exact same result as the year before, which meant I didn't get into the university I wanted so I expected better from myself.",ashamed,ask me for further details,"I'm in a negative mood, please comfort me."
29254,"[""A gal my sister knew from highschool (old friend) works in a thrift store I like and today I just didn't feel good and didn't feel like talking to her."", ""that's sad, bad memories ?"", ""Yes for sure..She always wants to talk to me incessantly about everything in her life..she was never nice to me as a kid, and I just went through a huge tragedy she hasn't said a word about. I still felt a little bad because she still gave my mom a discount and a discount on my stuff- my mom went through checkout for me as I just wasn't up too it. I don't feel like talking to people a lot you know?""]","yeah i understand you, but people change and we learn from them and that helps us grow more, don't take it too personally",A gal my sister knew works in a thrift store I like and today I just didn't feel good and didn't feel like talking to her. I felt bad because she still gave my mom a discount and a discount on my stuff.,embarrassed,[None],"I'm in a negative mood, please comfort me."
29281,"['I decided to treat myself tonight and make grill a huge steak for myself tonight.', 'That sounds really great and delicious!', ""Yeah it would have been if I hadn't burned it to a crisp and turned it into a black charred piece of leather!""]",Ohhhhhh yeah that's no good. Still that happens to me all the time so I wouldn't worry too much about it.,I decided to grill a steak tonight for dinner.  I got distracted and it got burned.,angry,[None],[None]
29497,"['I am so sad about the bridge collapsing.', ""Where and when did this happen?  I haven't looked at the news lately to avoid hearing sad news.  The last incident of the duck boat accident was very saddening."", 'This occurred in Italy last night.']",Oh wow.  I will definitely need to look at that.  Was there many casualties?,I am so sad about the bridge collapsing.,devastated,ask me for further details,[None]
29588,"['The package that was supposed to be delievered today was delayed by UPS', 'That sucks.  Did they give a reason?', 'nope, they never do :(']",Well maybe you can complain and get some money back or something?,The package that was supposed to be delievered today was delayed by UPS,annoyed,ask me for further details,[None]
29683,"['I have a lot of nerves today!', 'Hm, thats not good. How so, if I may ask?', ""I am sick a lot in my health and I can't seem to figure out what sets off my fibro a lot, it gives me anxiety and depression and I am just so overwhelmed with it I don't know what to do anymore!""]",Sounds like quite a problem! I think you should try different foods and narrow down which ones trouble you.,"I have a lot of nerves today! I am sick a lot in my health and I can't seem to figure out what sets off my fibro a lot, it gives me anxiety and depression and I am just so overwhelmed with it I don't know what to do anymore!",anxious,[None],please give me some advices.
29770,['There was a time when I really messed up.'],Oh! What happened?,"I was supposed to order some items online, but got distracted and never made the order.",ashamed,ask me for further details,[None]
29795,"['The thing the bugs me the most at my job is really lazy workers , they only work when management is around and as soon as they leave back to being lazy']","Well thats part of being in the workforce, work when everyone is looking, hang out when they are not. Most people arent paid enough to care",lazy workets bug me,annoyed,[None],[None]
29920,"[""I definitely over-ate today. I'm not overweight, but I do want to lose like five pounds. I also want to have positive eating habits. But eating vegetables is so uninteresting to me..."", 'Eating vegetables is disgusting to me so I just blend it all in a smoothie. You should try that', ""Yeah, I hear of people doing that. And that's a useful tip. But I think you lose some nutrition that way, right? Besides, I'm too lazy to do it.""]","Honestly, I have no idea. But it beats eating vegetables 1 by 1 because that takes forever","I definitely over-ate today. I'm not overweight, but I do want to lose like five pounds. I also want to have positive eating habits. But eating vegetables is so uninteresting to me...",guilty,[None],[None]
30101,"['I was stuck home the other day with the flu.', 'Oh man, the flu in summer?1', 'Right?! I was miserable, stuck all day in bed.', 'Oh geez! Was it a quick flu', 'It was, but I am very grateful to my wife. She let me rest all day, and brought me food and drinks to be as comfortable as possible. :)', ""Wow! Great wife, Cherish her! Stack up on good vitamin C and good Elderberry when you're well to keep the flu away :)\\"", 'Thank you! Hopefully you can avoid it this year.']",Oh god...lol- I HATE being sick...When I get sick..it's BAD- So let's hope lol,"When I stayed home sick with the flu, my wife let me stay in bed and took care of me.",content,[None],"I'm in a negative mood, please comfort me."
30244,"[""There is a co-worker who frequently asks me to help him with his tasks. He is very incompetent and i can't understand how he was hired"", 'thats the same thing happening at my job , super lazy worker just walks around and hides in the restroom its annoying', 'I think all the blame lies on supervisors who hire such incompetent people who only hinder the work performance and pace']","yes it does, i wish people like that would just get fired",I have a co-worker who frequently asks for help. He is very incompetent and i do not understand how he was hired,annoyed,[None],[None]
30254,"['i hate that i have to worry when my wife and son go out alone, too many dang crazy folks in the world', ""That's very true, but I'm sure their both very smart and know how to avoid dangerous situations."", 'shes about to be strapped so i wont have to worry as much!']",That will be great! A little peace of mind is all you need.,"i dont really enjoy when my wife and son go out alone, too many crazy azz people in the world",afraid,[None],"I'm in a positive mood, please congratulate me and praise me."
30267,"[""I've been trying to lose weight for a while but I think I've finally gotten to where I can make lunches that are healthy but I still want to eat, and I don't feel like I'm starving literally all the time."", 'Oh that is great! I have had great success doing keto and fasting for not feeling so hungry! Carbs and sugar do me in! What kind of lunches do you make?', ""I've never tried Keto, but my roommate actually is on a keto diet and it's been doing very good for him. And for lunches I like wraps a lot since you can change up what you put in them but they're never going to be that bad of a lunch.""]","true! I don't mind the same things. You can do healthy, it just takes more prep and ingredients sometimes to do it tasty and healthy","I've been trying to diet forever, but at first I was suffering. Now, I've finally gotten to where I can make healthy lunches that I still want to eat, and don't feel like I'm starving all the time.",content,[None],[None]
30389,"[""I feel bad that I didn't finish painting my mom's house."", ""Why didn't you finish?"", 'I got tired, I am sorta lazy.']",Oh. It's not too late is it?,I feel bad that I didn't finish painting my mom's house.,guilty,ask me for further details,[None]
30506,"[""my boss asked me a question that I had an answer to but I did n ot want to get anyone in trouble so I said I didn't know anything about the situation."", 'maybe it was best to avoid drama at work', 'maybe, but what drama did I avoid. Not getting a co-worker in possible trouble or not being honet with my boss?']",not getting your coworker in trouble and causing a conflict,at work the other day a pallet of product had been hit by a forklift damaging some of the product. When asked by my supervisor who had done that  I said that I didn't know even I did. Later I felt that I should have been honest about what i knew. I felt that I lied to my supervisor.,guilty,[None],[None]
30521,"['When I think about happiness, the first thing that comes to mind is the overwhelming sense of bliss when my daughter was born.', ""Aww, that's a nice story. I'm glad you have that to carry with you."", 'Thanks! What is a joyful moment in your life?']",I'm thinking of a time that a party was thrown for me as a surprise. All those people getting together was really fun.,I was overwhelmed with happiness the day my daughter was born.,joyful,[None],[None]
30546,"['I always feel nervous in a crowd.', ""That's not good. Do you find yourself in that situation frequently?"", 'I try to avoid it at all cost.']",I suppose that works. Sorry you feel that way.,I always feel anxious in a crowded room,anxious,[None],"I'm in a negative mood, please comfort me."
31111,"[""I'm about to uber some lunch for myself. I keep trying to get my lazy children up but they are going to miss out"", 'That just means more food for you. That sounds like a win to me.', 'They will be upset when they see the bag, but summer doesn;t mean sleep all day.']","Tell them the next time they need to get up if they want good food, too.",I'm about to order lunch for myself and not my kids. I feel bad.,guilty,[None],[None]
31188,"['My brand new car was hit in the grocery store parking lot yesterday.', 'did you catch the person?', 'Yes. She got mad when I told her that I was filing a police report.']",what did she expect you to do?,I was driving through the parking lot of the grocery store.  Some lazy lady looking for a close parking spot backed into my new car.,furious,ask me for further details,[None]
31459,"[""After I performed at school, so many girls are hitting me up, but I've got a girlfriend."", 'OH man! I bet you were overwhelmed! did you stay faithful to her?', ""Of course, these girls don't know me like my girlfriend does.""]",Thats good! I would of been anxious to get out of that place if that happend.,"After I performed at school, so many girls are hitting me up, but I've got a girlfriend.",faithful,[None],"I'm in a positive mood, please congratulate me and praise me."
31481,"['I sent a parcel to my cousin recently and it never arrived. It cost me $50', 'Wow! Some delivery driver must be excited about their latest acquisition!', 'I did think that it had probably been stolen but I try to see the best in people so I hoped it had just been delayed. That was 2 months ago and it still has not arrived. Maybe it is time to move on', ""I didn't mean to sound so flippant. That is a lot of money to lose. Was the item itself expensive also?"", ""yes it was a gift for his wedding. I have contacted the delivery service but they have thousands of parcels and it takes a long time to locate a single one. I don't know what to do next""]","Well, I hope they can trace it for you. Better late than never. I wish you good luck with that!",I sent a parcel to my cousin recently and it never arrived. It cost me $50,trusting,[None],[None]
31526,"[""My mom said she'd go to the doctor the next time she started feeling weird heart palpitations again. I'm about a thousand miles away from her, so I can't force her to go. But I'm worried about her, as she's always avoided the doctor, and always been in poor health. Hope she does the right thing"", 'I hope so, too. Heart conditions can be scary! Do you have anyone closer to her that could check in?', ""Sort of.. we have a neighbor that's been by her for 10 years, and they've been friends for a long time. But she's older herself, and has her own worries, so it's not like I can put more on her plate. My mother is just stubborn. I love her to death, but she's kind of a What will be, will be type person, and just assumes life will happen and you can, nor should, do anything to get in the way of it.""]",I know quite a few people that live their lives that way. I can see some of the reasons why a person would think that -- but it's still difficult when it comes to the health of someone you love.,"My mom said she'd go to the doctor the next time she started feeling weird heart palpitations again. I'm about a thousand miles away from her, so I can't force her to go. But I'm worried about her, as she's always avoided the doctor, and always been in poor health. Hope she does the right thing.",trusting,[None],[None]
31828,"['I was thinking about my pets and a few loose cats I know of a lot the past few days and how I will always be dedicated to helping animals.', 'Awww.. I love cats.. Sorry.. I was yelling at my boyfriend..', ""LOL! Well that is a funny thing. Yelling at him? What happened! Yes, I will always help them. I am very worried about a little grey and white one especially...He used to beg at my neighbors door..and my neighbor is now gone and I haven't seen him."", 'Awww.. I hope you find him.. he is playing video games and being super lazy', ""Oh girl...Don't you hate that? I cannot stand a lazy dude..Unless they are working 15 hour days..and even then..I work too- Everyone needs to help. Oi...When did men ever turn into boys as they get older? And not in the cute happy way! lol""]",He sucks he doesn't work or do chores at home.. PS4 24/7,I was thinking about my pets a lot the past few days and how I will always be dedicated to helping animals.,sentimental,[None],[None]
32096,"['I was jobless but recently I found a job. I will be able pay my bills and avoid be evicted from my appartment.', 'wow that is awesome that you were able to do that', 'I am very happy. I have been jobless for six month. I was almost becoming crazy.']",everyone needs to get out in the real world to stay sane!,I was jobless but recently I found a job. I will be able pay my bills and avoid be evicted from my appartment.,grateful,[None],"I'm in a negative mood, please comfort me."
32371,"['My nephew signed up to join the Marines. I was overwhelmed with happy emotions that he would choose to serve our country.', ""Wow,  that's great news.  I love that"", 'I think it is such an honorable thing to do.']","Exactly , it is quite cool",My nephew signed up to join the Marines. I was overwhelmed with happy emotions that he would choose to serve our country.,proud,[None],[None]
32730,"['My husband aggravates me when he leaves his clothes all over the floor!', ""yeah that's a bad habit. I don't like it either."", ""It's lazy! No matter how much I tell him he still does it.""]","lol, he is just like my brother. You should ignore him, just like I ignore my borther",I get so annoyed at my husband when he leaves his dirty clothing on the floor.,annoyed,[None],please give me some advices.
32891,"['I was flying to see a relative, and my flight got delayed because of weather! Once I got on it and flew to the next airport, I missed my connection because of the first delay. Now I have to stay in the airport all alone, overnight, sleeping on the ground like a dog.']","That was rough, how long ago was this ?","I was flying to see a relative, and my flight got delayed because of weather! Once I got on it and flew to the next airport, I missed my connection because of the first delay. Now I have to stay in the airport all alone, overnight, sleeping on the ground like a dog.",devastated,ask me for further details,[None]
33142,"[""If I'm going to be in a relationship I need girl I can depend on, not some effed up crazy damaged goods type of girl I can't trust"", ""Yes, it's important to find somebody who you will be able to trust and also somebody who will love you for being you"", ""Yes, glad you agree....I was an idiot and mistook a deadly combo of pity and infatuation for love...but now I know what to avoid and what I want so I'm thankful""]",that's great to hear! I hope you will meet your true love soon! I believe when you do you will now right away. When i met my husband i knew right away he is the one. such a strange feeling. But we've been married for 5 years now and still crazy about each other,"If I'm going to be in a relationship I need girl I can depend on, not some effed up crazy damaged goods type of girl",trusting,[None],"I'm in a negative mood, please comfort me."
33559,"['oh no oh yes oh no oh yes!!!', 'What is that?', ""my girlfriend just told me that she's pregnant!"", 'Congrats!!!! It is an amazing experience! I just had a little baby girl 3 weeks ago', ""what do I do!!! I'm totally shocked!"", 'Take it one day at a time man. It is a truly amazing thing. You will love that baby with all your heart', ""I hope so I'm just so overwhelmed right now""]",I understand. Just be supportive as your girlfriend is probably thinking the same thing. Just remember you are now both in this together so enjoy the experience.,my girlfriend told me she's pregnant,surprised,[None],"I'm in a negative mood, please comfort me."
33568,"['I felt alone last week. All of my friends were out of town', 'That sounds horribly boring. You can always take this time to do some house work that you put off, so that it will be ready when your friends get back in town.', 'Thanks for the advice']",You're welcome. I'm sure you'll make it  they will be back soon. You could also always watch some Netflix.,I felt alone last weekend. All of my friends were out of town,lonely,[None],"I'm in a negative mood, please comfort me."
33696,"['i was studing for a test yesterday and really trying to concentrate', 'How did that go? Studying is very important in order to do good.', 'yea , but my girlfriend was beside be and she was flicking her fingers and nails up and down over and over against the wooden table we were at.  can you imagine this when I need perfect silence for studying']",How annoying that could be. She could have alittle more respect for you.,i was beside my girlfriend at the dinner table studing for test. She started taking her fingers and clicking her fingers against it repeatedly it it kept me distracted from my goal which was studying,annoyed,[None],"I'm in a positive mood, please congratulate me and praise me."
34222,"['When I think about happiness, the first thing that comes to mind is the overwhelming sense of bliss when my daughter was born.']","Aww, that's a nice story. I'm glad you have that to carry with you.",I was overwhelmed with happiness the day my daughter was born.,joyful,[None],"I'm in a positive mood, please congratulate me and praise me."
34296,"['First time I went to my very first Dungeons and Dragons get-together, I felt really overwhelmed with all the verbiage and rules and stuff like that. Had no idea what I was doing and felt dumb. Did my best to learn what I could this time around, and I plan to not drag everyone else down', 'What is your character?', ""I'm not sure yet actually, I think we're collectively making new ones when we gather up tomorrow. I usually play some sort of thief though, as unoriginal as that is!""]","Cool, well have a good time theifing!","First time I went to my very first Dungeons and Dragons get-together, I felt really overwhelmed with all the verbiage and rules and stuff like that. Had no idea what I was doing and felt dumb. Did my best to learn what I could this time around, and I plan to not drag everyone else down",prepared,[None],"I'm in a positive mood, please congratulate me and praise me."
34525,"['My boyfriend has really been getting on my nerves!  He never throws anything in the trash and my whole place is a mess.', 'That is disgusting! You must talk to him about this!', ""I have.. it doesn't work.  He is just so lazy!""]","Incredible, kick him out of the house!",My boyfriend gets on my nerves so bad.  He can never throw anything in the trash.,annoyed,[None],"I'm in a positive mood, please congratulate me and praise me."
34581,"['Do you like watching movies or reading books?', 'I enjoy reading.', 'I love movies and I waited for the past 3 years for the Avengers for movie to get released. I was frantic when it made it to our theater I was overwhelmed.']",It's cool that you're such a fan though. I hope the movie lived up to your expectations.,I rember when the Avengers 4 movie got released in the begging of summer . I could not wait to go and see it . i thought about it,excited,[None],"I'm in a positive mood, please congratulate me and praise me."
34780,"[""I used to be miserable when no one would hit me up and I'd spend the weekend solo at my parents' house...now I turn off my phone just to keep from getting distracted"", 'That sounds sad.  What are you getting distracted from?', 'Stacking my dough sky high....too many alcoholic friends and tinder chicks texting me haha']","Well, that sounds admirable.  Focusing on making money so you can be independent.",I used to be miserable when no one would text me and I'd spend the weekend solo at my parents' house...now I've got to turn off my phone just to get away from it all,sad,[None],"I'm in a positive mood, please congratulate me and praise me."
34862,"['i was going to place an online order for a tshirt, but the site was really sketchy', 'What was sketchy about it?', 'it just did not seem secure']",Yikes.  Did you end up placing the order?,avoided placing an order,apprehensive,ask me for further details,[None]
34869,"[""My brother always calls me to ask to borrow money. He doesn't even work, he's just lazy."", ""What a jerk. Why doesn't he get a job at McDonalds?"", ""Because he's lazy! It pisses me off so much. I can't stand to hear from him anymore.""]",I would remove him from your family tree. That will show him.,My brother keeps calling me and asking me for money. He doesn't even work! He should get a job instead of bugging me all the time.,angry,[None],[None]
35355,"['Today I am alone in the house, since everybody had something to do.', 'Do you enjoy your alone time or do you wish you had people around?', ""I usually enjoy it, but today I don't feel like been alone,  I guess I should call a friend.""]",You totally should call a friend. I usually enjoy my alone time also but it is nice to have company around.,"Today I am alone in the house, since everybody had something to do.  I think I will call a friend.",lonely,[None],[None]
35504,"[""My internet service provider cut my internet last week. I was shocked because I didn't miss the payment so I knew it had to be an error."", 'I would too.  What had happened?', ""I think it was an error on their part or the payment delayed. I even paid earlier than the due date because this has happened in the past. Maybe it's time to switch companies.""]",Yes.  Did they admit fault?,My internet service provider cut my internet last week. I was shocked because I didn't miss the payment so I knew it had to be an error.,surprised,ask me for further details,[None]
35677,"['when i get payed i usually go to my go to restaurant places , i avoid fast food since they always get my orders wrong, so when new restaurants open i tend to avoid them until i see good reviews']",Yeah the new places are always really busy when they first open too!,"every time a new restaurant opens , i kinda dont trust it",apprehensive,[None],[None]
35888,"['I accidentally yelled at an elderly person becuase I thought they were being mean to me when they were trying to help me while I was driving.', 'oh what were they doing to you', ""He was making gestures as I was driving past and I thought he was telling me to slow down. I wasn't going that fast and it distracted me so I got upset. Turns out, he was trying to tell me of severe weather in the area.""]","oh , elderly people are little tough to understand",I thought that an elderly person was yelling at me that I was driving too fast so I yelled back at him. I told him he had no right to tell me how to drive. But then he apologized to me and said he had just been trying to warn me of some bad weather. I felt really bad that I had assumed.,guilty,[None],[None]
35933,"['I had to pay a late fee on my car taxes because I procrastinated in paying them on time. I always put off important things because I feel too scared to do them for some reason. Not sure why I keep making the same mistakes', ""Me too. I miss payments sometimes because I forget about them and I'm lazy."", ""Well, I hate seeing my money go away, too. So I put it off, thinking it will help things, especially when I'm so down to the wire on my money. But then I just end up making it worse for myself.""]",That's my exact situation too.,I had to pay a late fee on my car taxes because I procrastinated in paying them on time. I always put off important things because I feel too scared to do them for some reason. Not sure why I keep making the same mistakes.,disappointed,[None],[None]
36014,"['I accidentally spilled coffee on my pants yesterday.', 'Oh no! Did you manage to avoid a stain?', 'No, it got everywhere.  I was so ashamed to do that.']",Don't feel ashamed. You'll be able to laugh about it soon enough!,I accidentally spilled coffee on my pants yesterday.  I was so ashamed to do that.,embarrassed,[None],"I'm in a negative mood, please comfort me."
36064,"[""My mom said she'd go to the doctor the next time she started feeling weird heart palpitations again. I'm about a thousand miles away from her, so I can't force her to go. But I'm worried about her, as she's always avoided the doctor, and always been in poor health. Hope she does the right thing""]","I hope so, too. Heart conditions can be scary! Do you have anyone closer to her that could check in?","My mom said she'd go to the doctor the next time she started feeling weird heart palpitations again. I'm about a thousand miles away from her, so I can't force her to go. But I'm worried about her, as she's always avoided the doctor, and always been in poor health. Hope she does the right thing.",trusting,ask me for further details,"I'm in a negative mood, please comfort me."
36335,"[""My brother always calls me to ask to borrow money. He doesn't even work, he's just lazy.""]",What a jerk. Why doesn't he get a job at McDonalds?,My brother keeps calling me and asking me for money. He doesn't even work! He should get a job instead of bugging me all the time.,angry,ask me for further details,[None]
36970,"[""I can start to see my mother showing early signs of dementia. I feel really helpless about it, since it shows how vulnerable they are. I try to help with small things, but it's sad knowing I won't be able to slow down the effects of it."", ""That's very sad. My Grandma had that and it is devastating to experience it. I'm told that doing puzzles etc. keeps the brain active and maybe at least delays it."", ""I heard that too! I try to do some of those here and there, but I get kind of tired of them after a while when I'm not successful. I'm really just dreading her getting much worse and not recognizing me, and having it seem like the past never happened.""]","I really feel for you. It's not easy, I won't kid you. But at least you understand what's happening and are obviously prepared for the inevitable.","I can start to see my mother showing early signs of dementia. I feel really helpless about it, since it shows how vulnerable they are. I try to help with small things, but it's sad knowing I won't be able to slow down the effects of it.",caring,[None],"I'm in a negative mood, please comfort me."
37029,"['When I was in high school I borrowed my parents car, and got into an accident. Of course like most human teenagers I tried to cover it up but they found out.', 'Hey,were you injured?', 'No I was fine, just my pride was wounded. Of course, being a human being and not a robot I was overwhelmed by the lie. I fessed up to them eventually.']",Hope they took it easy with you?,I crashed my parents car when I was in high school and tried to lie about it. I ended up admitting to it but the time I spent trying to cover it up was excruciating.,guilty,ask me for further details,[None]
37259,"['I was gardening last weekend and have to move pots that have been sitting outside for years. I knew there were spiders!', 'Oh no! I hate spiders! Were you able to avoid them and move your pots?', 'I was very careful and scanned what I could see then I got a grip and threw them and kicked them around in the yard. I must have looked nuts!']",If people knew it was because of spiders they'd totally understand. I can't stand their creepy crawly bodies!,I was gardening last weekend and I had to move a bunch of pots. I knew there might be spiders so I took my time to look carefully.,apprehensive,[None],[None]
37299,"[""I'm upset that my husband is lazy""]",Could there be a reason that he is?,I'm upset that my husband is lazy,sad,ask me for further details,[None]
37381,['I was cut off today and crashed my car into a pole to avoid colliding with someone.'],Oh no! Are you ok?,I was cut off today and crashed my car to avoid colliding with someone.,angry,ask me for further details,[None]
37741,"[""Next time we have a Hurricane pass this way, I'll certainly be ready ..."", 'Me too! We are ready and waiting here in Florida.  What have you done to prepare?', 'In MIssissippi here. Katrina wiped us out. I moved further north to avoid the coastal surges.']",Katrina was a disaster for so many.  I can imagine it haunts you.,"Next time we have a Hurricane pass this way, I'll certainly be ready !",prepared,[None],"I'm in a negative mood, please comfort me."
38030,['My kids were so lazy this summer'],"Hahahaha, that is the way sumer is supposed to be for kids.  Did they at least do the things you asked them to do?",I am not happy with the way my kids behaved this summer. They were so lazy,ashamed,ask me for further details,[None]
38060,"['my little sister got a job and is still in highs school i know this was  a common thing for anyone back in the days , but in todays world a lot o people are lazy and in titled i felt happy for her', 'Oh my lord,  Are you okay?', 'im doing great , im just really happy for her']",Thats good! She is lucky to have your support.,my baby sister got a job,surprised,[None],"I'm in a positive mood, please congratulate me and praise me."
38113,"[""I just moved back near family, and I'm feeling overwhelmed with how close knit everything is again."", 'Oh I feel you! Every time I go back to stay with my family it feels... claustrophobic almost.', ""I'm very lucky to be back and around them though. They are truly generous people.""]","I'm sure they are! Itll feel more normal soon, I am sure",I'm really lucky to have the family that I do. We're all so very close knit and the togetherness really helps me get through some tough times. I'm so fortunate to be around them.,grateful,[None],[None]
38337,"[""I've been putting in a lot of work teaching my dog how to run an obstacle course. Yesterday he did amazing; he broke his old speed and wasn't distracted a single time while doing the course!""]",hahaha you must be so proud! How long did it take you to teach him?,I've been teaching my dog how to run an obstacle course and I think he finally has it down! He beat his old speed yesterday and had zero distractions.,proud,ask me for further details,"I'm in a positive mood, please congratulate me and praise me."
38422,"[""Didn't get to exercise today. I feel like I'm lazy"", 'You can still exercise now.', ""It's almost 9, and I still have work to do. I want to go jogging, but I don't think I have time :(""]","You should do it, even 15 minutes.",Didn't get to exercise today. I feel like I'm lazy.,disappointed,[None],please give me some advices.
38449,"['I got all As in my first college semester, and it made me feel really good about myself', 'Wow. That is great.  Not everyone can say that.', ""No, but I do think they made it a little easy to get As in some classes, especially the general education courses. I got an A in biology and definitely don't remember much from it"", 'Most struggle in their first year.  That is amazing that you did so well.', ""I appreciate it. I'm a little bit of an older student, so I didn't have much to worry about in the way of feeling overwhelmed""]",I am an older student too so I hope things go well for me in school.,"I got all As in my first college semester, and it made me feel really good about myself",proud,[None],[None]
38483,"['Sometimes I get annoyed by my parents, there seems to be such a generational gap between us sometimes', 'I know exactly what you mean.', 'I guess everyone feels like that to an extent, it is unavoidable']",It makes it hard to communicate though.,"Sometimes I get annoyed by my parents, there seems to be such a generational gap between us sometimes",annoyed,[None],[None]
38514,"['I felt pretty alone today. I did not hear from anyone', 'That sucks. Have you tried contacting your family?', 'I did not. I was pretty lazy']","Well, you're talking to me so that's something.",I felt pretty alone today. I did not hear from anyone,lonely,[None],[None]
39059,"[""My friend told me she didn't like my chicken casserole recipe when I brought it to a potluck last week."", 'Oh no! Were you upset about it ?', ""I was a little bit.  She told me she loved it last time I took it somewhere.  I just don't know what her deal is, but I might have to avoid her for a while.""]",I am sorry that happened I would be upset too!,My friend told me she didn't like my chicken casserole recipe when I brought it to a potluck last week.,annoyed,[None],"I'm in a negative mood, please comfort me."
39163,"['i was studing for a test yesterday and really trying to concentrate', 'How did that go? Studying is very important in order to do good.', 'yea , but my girlfriend was beside be and she was flicking her fingers and nails up and down over and over against the wooden table we were at.  can you imagine this when I need perfect silence for studying', 'How annoying that could be. She could have alittle more respect for you.', 'Exactly but i acrd the test ant way . but i can still hear those finger nails click, click, click , click', 'How frustrating! I hope you were able to study just a little though.', ""I was and i passed the test and I'm looking for a new girlfriend""]",Im sorry man! stay optimistic! dont be sad about it.,i was beside my girlfriend at the dinner table studing for test. She started taking her fingers and clicking her fingers against it repeatedly it it kept me distracted from my goal which was studying,annoyed,[None],"I'm in a negative mood, please comfort me."
39372,"[""I'm doing a pretty good job balancing work and school right now. School is about to start up again, and I've managed to maintain my savings and pay off my student loans a little bit while still in school. I don't feel like a lot of other students can say that, and I'm happy"", ""I'm so proud of you! That's a lot to deal with all at once!"", ""Yeah, but I'm glad I'm doing it this way, since it's kind of grounding me and teaching me the harder things I need to learn about not spending too much. I'm still drowning in student loan debt no matter how hard I try, though""]",It's worth it! It'll teach you a lot that you'll use later in life,"I'm doing a pretty good job balancing work and school right now. School is about to start up again, and I've managed to maintain my savings and pay off my student loans a little bit while still in school. I don't feel like a lot of other students can say that, and I'm happy",proud,[None],"I'm in a negative mood, please comfort me."
39476,['I have been avoiding watching a scary movie for months'],I used to like watching scary movies. Not my thing anymore.,I have been putting off watching a scary movie with my daughter for months now. I cant,terrified,[None],[None]
39692,"[""I'm pleased with how I've been handling a large amount of stress lately."", ""That's good, stress is so common in life so it's easy to become overwhelmed."", ""Yes, it is. I'm learning to just put my head down and get to work digging out.""]","That's an impressive philosophy, you seem to have grit so I think you will go far.",I'm feeling good about how I've handled a lot of stress lately.,proud,[None],"I'm in a positive mood, please congratulate me and praise me."
40030,"['I experienced road rage the other day. I woman carelessly swerved in front of me, causing me to slam on my brakes.']",Road rage is a problem I deal with too.  I have adult add and tend to be impulsive and am horrible at socializing.  I'm glad your alright and I don't blame you for getting stressed out by that.,"I was furious when the distracted driver swerved in front of me, causing me to slam my brakes. I wasn't surprised when I saw the lady yakking on her cell phone.",angry,[None],[None]
40176,"[""I'm enjoying a lazy Sunday afternoon."", 'nice , just relaxing after a long week that sounds perfect honestly', ""It's nice, I only wish it would last longer, but we take what we can.""]","right it would be awesome to have 3 days off, but this is the real world",I'm enjoying a lazy Sunday afternoon.,content,[None],"I'm in a positive mood, please congratulate me and praise me."
40226,"['Ugh, it is so frustrating when you pay extra for express delivery and the shipping company messed up!']","Oh yea, I've had it happen a few times. It's even worse when they lose the package for a while","I ordered a product with express delivery, and it was delayed for a week!",angry,[None],[None]
